ID - KNIP	ID - BAG	Company	belongs to		Checked	Can be purchased	contract	Can be used for comparison	Adr.	Policy Conditions	Image	descripion_de	description_en	reviews	Gesammt Rating	Leistungsrückerstattung	Kundenzufriedenheit	Erreichbarkeit (Öffnungszeiten)	Erreichbarkeit (Kanal)	Knip Weiterempfehlung	positive	negative
55	294	Agilia Krankenkasse AG	Ein Angebot der KPT CPT	KPT CPT	yes	nein	Nein	Nein	KPT Krankenkasse AG  Tellstrasse 18  Postfach 8624  3001 Bern  Tel. 058 310 91 11  Fax 058 310 86 35  kpt@kpt.ch		kpt_cpt.png	Die KPT CPT Holding AG ist eine große Versicherung mit Hauptsitz in Bern. Bei ihr sind rund 450 Mitarbeiter beschäftigt, die circa 430.000 Versicherte betreuen. Gerade der Online-Markt wird von der Holding AG angesprochen und sie ist über ihre Internetseite 24 Stunden für ihre Kunden erreichbar. Vor allem die Buchstaben KPT stehen für eine besondere Bedeutung. K für Kompetenz, P für persönlich und T für Transparenz. Diesen Grundsatz leben die Mitarbeiter auch täglich bei ihrer Arbeit.		N/A	8,2	8	7	9	8	9	Sehr freundlich  Guter Service	Schwer erreichbar
56	1560	Agrisano Krankenkasse AG	-		yes	Yes	Nein	yes	Agrisano Krankenkasse AG  Laurstrasse 10   5201 Brugg AG   Tel. 056 461 71 11   Fax 056 461 71 07   info@agrisano.ch    www.agrisano.ch		agrisano.png	Gegenwärtig verfügt die Agrisano Versicherung über 140 Mitarbeiterinnen und Mitarbeiter, die sowohl in der Unternehmenszentrale in Brugg als auch in den zahlreichen Außenstellen in der gesamten Schweiz beschäftigt sind. Durch die enge Zusammenarbeit mit den übrigen Bauernverbänden des Landes weißt das Unternehmen eine exponierte Stellung unter den Nischenversicherern der Alpenrepublik auf. Darüber hinaus konzentriert sich das Versicherungsunternehmen vollends auf die versicherungstechnischen Bedürfnisse der von der Landwirtschaft lebenden Bevölkerung im Rahmen der gesetzlichen Grund- und Krankenversicherung. Weiterhin wartet das Unternehmen mit zahlreichen spezialisierten Produkten, wie der bäuerlichen Zusatzversicherung oder der Tagesgeldversicherung auf.		N/A	8,2	8	7	9	8	9	Sehr freundlich  Guter Service	Schwer erreichbar
48	32	Aquilana Versicherungen	-		yes	Yes	Nein	yes	Aquilana Versicherungen  Bruggerstrasse 46   5401 Baden   Tel. 056 203 44 44   Fax 056 203 44 99   info@aquilana.ch   www.aquilana.ch		aquilana_baden.png	Der Sitz dieses Unternehmens liegt in Baden, gelegen im Kanton Aargau. Die größten Einnahmen resultieren für das Unternehmen aus der Obligatorischen Krankenpflegeversicherung (OKP). Der Verein hat sich im Besonderen die Zufriedenheit seiner Kunden auf die Fahne geschrieben. Er ist im gesamten Schweizer Raum tätig und beschäftigt insgesamt 38 Mitarbeiter.		N/A	8,2	8	7	9	8	9	Sehr freundlich  Guter Service	Schwer erreichbar
47	1569	Arcosana AG	Ein Angebot der CSS	CSS Versicherung AG	yes	yes	Nein	yes	Tribschenstrasse 21   Postfach 2568   6002 Luzern   Tel. 058 277 11 11   Fax 058 277 12 12   css.info@css.ch   www.css.ch		css_Versicherungen_ag	Die Acrosana AG ist eine 100-prozentige Tochtergesellschaft der CSS Gruppe, eines auf Krankenversicherungen spezialisierten Schweizer Versicherungskonzerns.   Unter deren Dach befinden sich zudem auch die Versicherer Arcosana, Intras und Sanagate. Ende 2014 hatten rund 1,28 Millionen Personen eine Grundversicherung bei der CSS abgeschlossen. Insgesamt sind etwa 1,7 Millionen Kunden bei der CSS versichert. Die Prämieneinnahmen steigen um 2,5 Prozent auf 5.379 Mrd. Franken. Damit zählt CSS zu den führenden Schweizer Kranken-, Unfall- und Sachversicherern. Der in Luzern ansässige Versicherer wurde 1899 gegründet.		N/A	7,8	7	7	8	8	9	Sehr freundlich  Guter Service	Schwer erreichbar
23	1542	Assura-Basis SA	-		Yes	Yes	Nein	yes	Avenue C.-F. Ramuz 70   1009 Pully   Tel. 021 721 44 11   Fax 021 721 46 99   assura@assura.ch    www.assura.ch		assura.png	Die Assura ist in der Rechtsform einer Stiftung organisiert. Mit über 700'000 Versicherten ist sie die zweitgrößte Krankenkasse der Schweiz. Sie beschäftigt in der Zentrale in Pully und ihren mittlerweile 13 Niederlassungen über 200 Mitarbeiter. Im Jahr 2010 erzielte das Unternehmen im Bereich der Grundversicherung einen Umsatz von 1,5 Mrd.CHF.  Eines der Unternehmensziele ist es von Anfang an, die Versicherungsprämien so niedrig wie möglich zu halten. Dementsprechend waren die Prämien der Assura in den letzten über 35 Jahren im Durchschnitt am günstigsten.  Seit 2011 ist das Unternehmen auch in sozialen Netzwerken aktiv. Unter anderem verfügt es über Profile auf Facebook, Twitter und YouTube.		N/A	8,2	8	7	9	8	9	Sehr freundlich  Guter Service	Schwer erreichbar
6	312	Atupri	-		Yes	Yes	Ja	yes	Zieglerstrasse 29   3000 Bern 65   Tel. 031 555 09 11   Fax 031 555 09 12   info@atupri.ch    www.atupri.ch		atupri.png	Die Atupri Krankenkasse hat ihren Sitz in Bern, wo sie zugleich auch ein Service Center betreibt. Daneben existieren noch Service Center in Lausanne, Lugano und Luzern. In Fribourg und in Zürich sind zwei Leistungscenter der Stiftung zu finden. So ist das Unternehmen auf dem gesamten Schweizer Markt präsent. Gegenwärtig sind mehr als 200 Mitarbeiter bei der Atupri beschäftigt. Das Angebot an Serviceleistungen umfasst hauptsächlich die obligatorische Krankenpflegeversicherung (OKP). Daneben können auch noch Kollektiv- und Zusatzversicherungen abgeschlossen werden. 2012 konnte das Unternehmen ein Geschäftsergebnis von 3,9 Millionen Schweizer Franken erzielen. Mit ungefähr 185.000 Versicherten ist sie in der Liste der 15 größten Schweizer Krankenversicherer zu finden.		N/A	8,2	8	7	9	8	9	Sehr freundlich  Guter Service	Schwer erreichbar
43	1565	Avanex	Ein Angebot der Helsana Gruppe	Helsana Gruppe	Yes	yes	Nein	yes	Helsana-Gruppe   Helsana Versicherungen AG   Postfach   8081 Zürich   Tel. 043 340 11 11   Fax 043 340 01 11   www.helsana.ch		helsana.png	Die Helsana AG mit Sitz in Dübendorf ist ein auf die Krankenversicherung spezialisierter Schweizer Versicherungskonzern. Mit 1,9 Millionen Versicherten und Prämieneinnahmen von 6 Milliarden Schweizer Franken ist die Helsana-Gruppe der führende Kranken- und Unfallversicherer der Schweiz. Die Unternehmensgruppe beschäftigt rund 3000 Mitarbeitende und umfasst fünf operativ tätige Tochtergesellschaften, die auf den Gebieten der Grundversicherung, der Zusatzversicherungen und der Unfallversicherungen tätig sind. Diese treten unter den Namen Helsana, Progrès, Sansan und Avanex als eigenständige Marken am Markt auf. Das Kerngeschäft der Helsana-Gruppe bildet die Grundversicherung nach dem Krankenversicherungsgesetz und generiert damit rund 70 Prozent der gesamten Prämieneinnahmen. Die Sparte Zusatzversicherungen bildet mit 27 Prozent der Prämieneinnahmen das zweite Standbein. Daneben bietet die Gruppe Unternehmen und Verbänden Kollektivtaggeld- und Unfallversicherungen sowie Lösungen in der beruflichen Vorsorge an.		N/A	8,2	8	7	9	8	9	Sehr freundlich  Guter Service	Schwer erreichbar
53	343	Avenir	Ein Angebot der Groupe Mutuel	Groupe Mutuel	Yes	Yes	Nein	yes	Groupe Mutuel   Avenir Assurance Maladie   Rue des Cèdres 5   1920 Martigny   Tel. 0848 803 111   Fax 0848 803 112   info@groupemutuel.ch   www.groupemutuel.ch		groupe_mutuel.png	Rund 1,2 Millionen (1'190'000) Einzelversicherte sind den Mitgliedskrankenversicherern der Groupe Mutuel für die obligatorische Krankenpflegeversicherung (OKP) angeschlossen. Zählt man die Versicherten mit nur einer privaten Zusatzversicherung dazu, beträgt die Versichertenzahl 1,4 Millionen. Rund 17'000 Unternehmen aus allen Tätigkeitsbereichen vertrauen bei ihren Taggeldversicherungen, Unfallversicherungen und der beruflichen Vorsorge voll und ganz den Versicherern der Groupe Mutuel. Der Umsatz aller Mitgliedsgesellschaften übersteigt 4,6 Milliarden Franken, rund 3,7 Milliarden stammen aus dem Bereich Krankenversicherung. Die Krankenversicherer der Groupe Mutuel bieten umfassende Lösungspakete in der obligatorischen Krankenpflegeversicherung und den Zusatzversicherungen an. Die Groupe Mutuel verwaltet ausserdem zwei Vorsorgestiftungen: die schweizweit tätige Groupe Mutuel Vorsorge und die Walliser Vorsorge, die auf die Unternehmen im Kanton Wallis ausgerichtet ist. Die Groupe Mutuel Leben GMV AG deckt den Bereich Lebensversicherungen ab. Mit ihren verschiedenen Versicherungsgesellschaften ist die Groupe Mutuel, Association d’assureurs, ein umfassendes Unternehmen, das Einzelpersonen sowie Unternehmen mit bedarfsgerechten Versicherungslösungen unterstützt.		N/A	8,2	8	7	9	8	9	Sehr freundlich  Guter Service	Schwer erreichbar
?	1179	Caisse-maladie du Personnel   communal de la Ville de Neuchâtel	Ein Angebot der Groupe Mutuel	Groupe Mutuel	Macht nur Taggeld => Löschen?  mit Sven besprochen, Entscheid  Löschen.	nein	nein	nein	Hôtel de Ville   2000 Neuchâtel   Groupe Mutuel   Caisse-maladie du Personnel communal de    la Ville de Neuchâtel   Rue du Nord 5   1920 Martigny   Tel. 0848 803 111   Fax 0848 803 112   info@groupemutuel.ch   www.groupemutuel.ch		groupe_mutuel.png	-			7,6	7	7	8	8	8	Sehr freundlich  Guter Service	Schwer erreichbar
60	1113	Caisse-maladie Vallée d’Entremont	-		Für Vorversicherungs Vergleich	Yes	Nein	yes	Place centrale    Case postale 13   1937 Orsières   Tel. 027 783 25 87   Fax 027 783 30 18   cmveo@cmveo.ch   www.cmveo.ch		caisse_maladie_vallee_entremont	Die Krankenkasse wird von einem fünfköpfigen Verwaltungsrat geleitet, dem Maurice Thétaz als Präsident vorsteht. Sie ist der CSS zugehörig, wenn es um das Produktportfolio geht, agiert aber als regionale Krankenkasse in Orsières und Umgebung. Sie positioniert sich als kundennaher und kompetenter Partner der Versicherten in der Region.  Der Sitz der Caisse Maladie de la Vallée d'Entremont liegt in Orsières; sie hat aktuell 7'950 Versicherte (Stand: 2012). Ihr Angebot umfasst sowohl die verpflichtende Krankenversicherung als auch freiwillige Zusatzversicherungen. Die Caisse Maladie de la Vallée d'Entremont bietet verschiedene Rabattprogramme, zum Beispiel für Jugendliche, an.		N/A	8,2	8	7	9	8	9	Sehr freundlich  Guter Service	Schwer erreichbar
?	820	Cassa da malsauns LUMNEZIANA			Für Vorversicherungs Vergleich	Yes	Nein	yes	Postfach 41   7144 Vella   Tel. 081 931 35 35   Fax 081 936 81 66   info@lumneziana.ch		-	-			8,2	8	7	9	8	9	Sehr freundlich  Guter Service	Schwer erreichbar
?	1575	Compact Grundversicherungen AG	Ein Angebot der Sanitas	Sanitas	Compact ist ein Tarif der Sanits  ist unter Santias wählbar. Tarif  muss nicht separat aufgelistet werden	yes	Ja	yes	Jägergasse 3   Postfach 2010   8021 Zürich   Tel. 044 298 63 00   Fax 044 298 62 50   info@sanitas.com   www.sanitas.com		sanitas.png	Die Sanitas Krankenversicherung mit Sitz in Zürich ist ein auf die Krankenversicherungspezialisierter Schweizer Versicherungskonzern. Die Unternehmensgruppe zählte Anfang 2014 rund 824'000 Versicherte und erzielte 2013 mit knapp 700 Mitarbeitern Prämieneinnahmen von 2,484 Milliarden Schweizer Franken. Damit finanzierte Sanitas Versicherungsleistungen in Höhe von 2,338 Milliarden Schweizer Franken.  Die Gruppe verfügt über eine Holdingstruktur und umfasst fünf operativ tätige Tochtergesellschaften, die auf den Gebieten der Grundversicherung (Sanitas, Wincare und Compact) und der Zusatzversicherungen (Sanitas und Wincare) tätig sind. Die in der Rechtsform einer Stiftung organisierte Sanitas Krankenversicherung bildet die Dachgesellschaft.  Das Kerngeschäft der Sanitas Gruppe ist die Grundversicherung nach demKrankenversicherungsgesetz, die rund 71 Prozent der gesamten Prämieneinnahmen ausmacht. Die Sparte mit den Zusatzversicherungen ist das zweite Standbein.		N/A	9	9	9	9	9	9	Sehr freundlich  Guter Service	Gut erreichbar
26	290	CONCORDIA Schweiz.  Kranken- und Unfallversicherung AG	-		yes	Yes	Nein	yes	Bundesplatz 15   6002 Luzern   Tel. 041 228 01 11   Fax 041 228 02 10   info@concordia.ch    www.concordia.ch		concordia.png	Die Concordia Schweizerische Kranken- und Unfallversicherung AG mit Sitz in Luzern ist ein auf die Krankenversicherung und Unfallversicherung spezialisierter Schweizer Versicherungskonzern. Die Unternehmensgruppe zählt rund 774'000 Versicherte und erzielte 2015 mit 1'200 Mitarbeitenden einen Umsatz von 2.5 Milliarden Schweizer Franken.  Der Versicherer ist mit vier Servicecentern und rund 240 Agenturen und Geschäftsstellen in der Schweiz vertreten. Zusätzlich verfügt die Concordia über eine Landesvertretung im Fürstentum Liechtenstein.  Die Krankenversicherung mit Grund- und Zusatzversicherung sowie die Unfallversicherung bilden das Kerngeschäft der Concordia-Gruppe. Es wird geführt durch die beiden Aktiengesellschaften Concordia Schweizerische Kranken- und Unfallversicherung AG und Concordia Versicherungen AG:  Die Concordia Schweizerische Kranken- und Unfallversicherung AG führt die Krankenversicherung nach schweizerischem und liechtensteinischem Krankenversicherungsgesetz (KVG) sowie die Unfallversicherung nach schweizerischem Unfallversicherungsgesetz (UVG) durch. Die Concordia Versicherungen AG bietet Kranken- und Unfallversicherungen sowie Lebensversicherungen nach schweizerischem Versicherungsvertragsgesetz (VVG) an.  Der Konzern verfügt über eine Holdingstruktur. Zur Holding der Concordia -Gruppe gehören neben den beiden operativ tätigen Versicherungs-Gesellschaften auch drei Stiftungen und mehrere Unternehmen, an denen die Concordia beteiligt ist. Darunter fallen Gesellschaften im Bereich der Unfallversicherung, der medizinischen Versorgung sowie ein Hotel. Das oberste Dach der Gruppe bildet der Verein Concordia Schweizerische Kranken- und Unfallversicherung.		N/A	8,2	8	7	9	8	9	Sehr freundlich  Guter Service	Schwer erreichbar
2	8	CSS Krankenversicherung AG	-	-	yes	Yes	Nein	yes	Tribschenstrasse 21   Postfach 2568   6002 Luzern   Tel. 058 277 11 11   Fax 058 277 12 12   css.info@css.ch   www.css.ch		css_versicherung_ag	Die CSS Krankenkasse gehört zur CSS Holding AG. Unter deren Dach befinden sich zudem auch die Versicherer Arcosana, Intras und Sanagate. Ende 2014 hatten rund 1,28 Millionen Personen eine Grundversicherung bei der CSS abgeschlossen. Insgesamt sind etwa 1,7 Millionen Kunden bei der CSS versichert. Die Prämieneinnahmen steigen um 2,5 Prozent auf 5.379 Mrd. Franken. Damit zählt CSS zu den führenden Schweizer Kranken-, Unfall- und Sachversicherern. Der in Luzern ansässige Versicherer wurde 1899 gegründet. Betreut werden die Kunden von etwa 2.650 Mitarbeitern am Hauptsitz sowie in den verschiedenen Büros vor Ort.		N/A	8,2	8	7	9	8	9	Sehr freundlich  Guter Service	Schwer erreichbar
96	774	Easy Sana	Ein Angebot der Groupe Mutuel	Groupe Mutuel	Yes	Yes	Nein	yes	Groupe Mutuel   Krankenversicherung Easy Sana   Rue des Cèdres 5   1920 Martigny   Tel. 0848 803 111   Fax 0848 803 112   info@groupemutuel.ch   www.groupemutuel.ch		groupe_mutuel.png	Rund 1,2 Millionen (1'190'000) Einzelversicherte sind den Mitgliedskrankenversicherern der Groupe Mutuel für die obligatorische Krankenpflegeversicherung (OKP) angeschlossen. Zählt man die Versicherten mit nur einer privaten Zusatzversicherung dazu, beträgt die Versichertenzahl 1,4 Millionen. Rund 17'000 Unternehmen aus allen Tätigkeitsbereichen vertrauen bei ihren Taggeldversicherungen, Unfallversicherungen und der beruflichen Vorsorge voll und ganz den Versicherern der Groupe Mutuel. Der Umsatz aller Mitgliedsgesellschaften übersteigt 4,6 Milliarden Franken, rund 3,7 Milliarden stammen aus dem Bereich Krankenversicherung. Die Krankenversicherer der Groupe Mutuel bieten umfassende Lösungspakete in der obligatorischen Krankenpflegeversicherung und den Zusatzversicherungen an. Die Groupe Mutuel verwaltet ausserdem zwei Vorsorgestiftungen: die schweizweit tätige Groupe Mutuel Vorsorge und die Walliser Vorsorge, die auf die Unternehmen im Kanton Wallis ausgerichtet ist. Die Groupe Mutuel Leben GMV AG deckt den Bereich Lebensversicherungen ab. Mit ihren verschiedenen Versicherungsgesellschaften ist die Groupe Mutuel, Association d’assureurs, ein umfassendes Unternehmen, das Einzelpersonen sowie Unternehmen mit bedarfsgerechten Versicherungslösungen unterstützt.		N/A	8,2	8	7	9	8	9	Sehr freundlich  Guter Service	Schwer erreichbar
40	881	EGK Grundversicherungen	-	-	yes	Yes	Nein	yes	Brislachstrasse 2   Postfach   4242 Laufen   Tel. 061 765 51 11   Fax 061 765 51 12   info@egk.ch    www.egk.ch		egk.png	Die EGK-Gesundheitskasse beschäftigt aktuell 229 Mitarbeiter (Stand: März 2013) und hat ihren Sitz in Laufen im Kanton Basel-Landschaft. Der Geschäftsleiter des Unternehmens ist Dr. Reto Flury, der Präsident des Stiftungsrats ist seit dem Jahr 2004 Alex Kummer.  Im Jahr 2013 konnte die EGK-Gesundheitskasse einen Jahresumsatz von 498 Mio. CHF erzielen.  Die Versicherten der EGK-Gesundheitskasse können über die gesetzliche Pflichtkrankenversicherung hinaus private Zusatzversicherungen abschließen. So gibt es die Möglichkeit, mehr zu bezahlen und dafür freie Arztwahl in der Schweiz bei ambulanten Behandlungen zu erhalten. Auch für Auslandsaufenthalte bietet die EGK unterschiedliche Zusatzversicherungen an. Auch wer Wert darauf legt, naturmedizinische Behandlungen von der Krankenkasse bezahlt zu bekommen, kann hierfür eine spezielle Zusatzversicherung abschließen.  Dennoch bleibt die Grundversicherung nach dem Krankenversicherungsgesetz das Hauptgeschäft des Unternehmens: Es nimmt einen Anteil von 78% der gesamten Prämieneinnahmen in Anspruch.		N/A	8,2	8	7	9	8	9	Sehr freundlich  Guter Service	Schwer erreichbar
?	1507	Fondation AMB	Ein Angebot der Groupe Mutuel	Groupe Mutuel	Yes	nein	Nein	nein	AMB  Assurance maladie et accidents  Route de Verbier 13  1934 Le Châble  Tél. 058 758 60 70  Fax: 058 758 60 89  E-mail: info@amb-assurance.ch   www.amb-assurance.ch		groupe_mutuel.png	Rund 1,2 Millionen (1'190'000) Einzelversicherte sind den Mitgliedskrankenversicherern der Groupe Mutuel für die obligatorische Krankenpflegeversicherung (OKP) angeschlossen. Zählt man die Versicherten mit nur einer privaten Zusatzversicherung dazu, beträgt die Versichertenzahl 1,4 Millionen. Rund 17'000 Unternehmen aus allen Tätigkeitsbereichen vertrauen bei ihren Taggeldversicherungen, Unfallversicherungen und der beruflichen Vorsorge voll und ganz den Versicherern der Groupe Mutuel. Der Umsatz aller Mitgliedsgesellschaften übersteigt 4,6 Milliarden Franken, rund 3,7 Milliarden stammen aus dem Bereich Krankenversicherung. Die Krankenversicherer der Groupe Mutuel bieten umfassende Lösungspakete in der obligatorischen Krankenpflegeversicherung und den Zusatzversicherungen an. Die Groupe Mutuel verwaltet ausserdem zwei Vorsorgestiftungen: die schweizweit tätige Groupe Mutuel Vorsorge und die Walliser Vorsorge, die auf die Unternehmen im Kanton Wallis ausgerichtet ist. Die Groupe Mutuel Leben GMV AG deckt den Bereich Lebensversicherungen ab. Mit ihren verschiedenen Versicherungsgesellschaften ist die Groupe Mutuel, Association d’assureurs, ein umfassendes Unternehmen, das Einzelpersonen sowie Unternehmen mit bedarfsgerechten Versicherungslösungen unterstützt.		N/A	8,2	8	7	9	8	9	Sehr freundlich  Guter Service	Schwer erreichbar
62	1386	GALENOS Kranken- und Unfallversicherung	-	-	Yes	Yes	Ja	yes	Militärstrasse 36   Postfach   8021 Zürich   Tel. 044 245 88 88    Fax 044 245 88 99   info@galenos.ch    www.galenos.ch		galenos.png	Die Galenos Versicherung hat ihren Sitz in Zürich und ist in der ganzen Schweiz über ihre Internetseite telefonisch sowie per E-Mail erreichbar. Da es sich um eine sehr kleine und überschaubare Versicherung handelt, was von der Führung vor allem auch so gewollt ist, sind auch die Verwaltungskosten gering. Dies zeigt sich auch bei den Kosten für die angebotenen Versicherungen. Zudem hat es sich die Krankenversicherung zur Aufgabe gemacht, ihre Kunden bestmöglich und kundennah zu betreuen. Daher hat sie sich auf die Kranken- und die Unfallversicherung spezialisiert und in diesem Bereich werden viele verschiedene Versicherungsarten anboten. Neben der Krankengrundversicherung kann der Versicherte zwischen vielen Zusatzversicherungen, zum Beispiel für Zahnersatz, Unfall oder einer Reiseversicherung wählen.		N/A	8,2	8	7	9	8	9	Sehr freundlich  Guter Service	Schwer erreichbar
?	1491	Gewerbliche Krankenkasse Bern			Für Vorversicherungs Vergleich	nein	nein	nein	Neuengasse 20   Postfach 414   3000 Bern 7   Tel. 031 310 11 11   Fax 031 310 11 22   gvb@gewerbebern.ch		-				7,6	7	7	8	8	8	Sehr freundlich  Guter Service	Schwer erreichbar
63	780	Glarner Krankenversicherung	-	-	yes	Yes	Nein	yes	Glarner Kranekversicherung   Sernftalstrasse 33  8762 Schwanden    Tel. 055 642 25 25   Fax 055 642 25 45   info@glkv.ch    www.glkv.ch		glarner_krankenversicherung.png	Heute hat die Glarner Krankenversicherung zwei Standorte in Elm, dem Hauptsitz und in Luchsingen mit einer Nebenstelle. Da die Versicherung sich noch immer im Wachstum befindet, werden auch immer wieder Stellen und Ausbildungsplätze angeboten. Im Gebiet Glarus hat die Glarner Krankenversicherung zudem einen Marktanteil von 17,9 %, ist aber auch in den Gebieten Graubünden, Uri, St. Gallen und Schwyz tätig. Die Glarner Versicherung hatte laut Geschäftsbericht im Jahr 2012 einen Zuwachs von 251 Mitgliedern und wies im gleichen Jahr einen Gewinn von CHF 781.180,29 auf.  Zwei Standorte mit insgesamt sechs Mitarbeitern betreuen die Krankenversicherten kundennah und persönlich. Da es sich um eine kleine Versicherungsgesellschaft handelt, sind alle Kunden natürlich den Mitarbeitern auch bekannt. Neben der Grundversicherung bietet die Glarner Krankenversicherung auch einige interessante Zusatzversicherungen an. So kann der Versicherte sich zum Beispiel für Zusatzversicherungen für die Kosten von Brillen, Zahnersatzkosten oder auch Naturheilverfahren entscheiden. Diese Kosten werden von vielen Krankenkassen gar nicht erst berücksichtigt oder übernommen. Aber die Glarner Krankenversicherung ist nicht nur eine reine Krankenkasse, die die Kosten einer Behandlung übernimmt. Der Kunde kann sich hier auch für eine eventuelle Invalidität bedingt durch einen Unfall oder eine Krankheit versichern lassen, Unternehmen oder Einzelpersonen können eine Erwerbsausfall-Versicherung abschließen und bei Bedarf in Anspruch nehmen.		N/A	8,2	8	7	9	8	9	Sehr freundlich  Guter Service	Schwer erreichbar
5	1562	Helsana Versicherungen AG   Helsana Assurances SA   Helsana Assicurazioni SA	-	-	yes	Yes	Nein	yes	Helsana-Gruppe   Helsana Versicherungen AG   Postfach   8081 Zürich   Tel. 043 340 11 11   Fax 043 340 01 11   www.helsana.ch		helsana.png	Die Helsana AG mit Sitz in Dübendorf ist ein auf die Krankenversicherung spezialisierter Schweizer Versicherungskonzern. Mit 1,9 Millionen Versicherten und Prämieneinnahmen von 6 Milliarden Schweizer Franken ist die Helsana-Gruppe der führende Kranken- und Unfallversicherer der Schweiz. Die Unternehmensgruppe beschäftigt rund 3000 Mitarbeitende und verfügt über ein schweizweites Netz von 22 Generalagenturen und 19 Verkaufsstellen.   Der Konzern umfasst fünf operativ tätige Tochtergesellschaften, die auf den Gebieten der Grundversicherung, der Zusatzversicherungen und der Unfallversicherungen tätig sind. Diese treten unter den Namen Helsana, Progrès, Sansan und Avanex als eigenständige Marken am Markt auf. Aerosana, eine weitere ehemalige Tochtergesellschaft, fusionierte per 1. Januar 2011 mit Progrès.  Das Kerngeschäft der Helsana-Gruppe bildet die Grundversicherung nach demKrankenversicherungsgesetz und generiert damit rund 70 Prozent der gesamten Prämieneinnahmen. Die Sparte Zusatzversicherungen bildet mit 27 Prozent der Prämieneinnahmen das zweite Standbein. Daneben bietet die Gruppe Unternehmen und Verbänden Kollektivtaggeld- und Unfallversicherungen sowie Lösungen in der beruflichen Vorsorge an.		N/A	8,2	8	7	9	8	9	Sehr freundlich  Guter Service	Schwer erreichbar
?	1520	HOTELA Krankenkasse   HOTELA Caisse maladie	-	-	Für Vorversicherungs Vergleich	nein	nein	nein	Rue de la Gare 18   1820 Montreux   Tel. 021 962 49 49   Fax 021 962 48 48    welcome@hotela.ch   www.hotela.ch		-				7,6	7	7	8	8	8	Sehr freundlich  Guter Service	Schwer erreichbar
?	1573	Indivo Versicherungen AG	Ein Angebot der Helsana	Helsana Gruppe	erledigt	nein	nein	nein	Helsana-Gruppe   Postfach   8081 Zürich   Tel. 043 340 11 11   Fax 043 340 01 11   http://www.helsana.ch						7,6	7	7	8	8	8	Sehr freundlich  Guter Service	Schwer erreichbar
13	1529	INTRAS KrankenVersicherung AG	Ein Angebot der CSS Versicherung AG	CSS Versicherung AG	Yes	Yes	Nein	yes	Tribschenstrasse 21   Postfach 2568   6002 Luzern   Tel. 058 277 11 11   Fax 058 277 12 12   css.info@css.ch   www.css.ch		css_versicherung.png	Die CSS Gruppe mit Hauptsitz in Luzern ist ein auf die Krankenversicherung spezialisierter Schweizer Versicherungskonzern. Mit 1,31 Millionen Versicherten in der obligatorischen Krankenpflegeversicherung ist die CSS der grösste Grundversicherer der Schweiz. Das Unternehmen zählt insgesamt 1,78 Millionen Kunden, weist ein jährliches Prämienvolumen von CHF 5,09 Milliarden aus, beschäftigt 2529 Mitarbeitende und verfügt landesweit über 125 Agenturen.  Die CSS Gruppe besteht aus sieben Gesellschaften, die in der Schweiz das Versicherungsgeschäft betreiben: Die CSS Kranken-Versicherung AG, die INTRAS Kranken-Versicherung AG, die Arcosana AG, die Auxilia Kranken-Versicherung AG und die Sanagate AG betreiben die obligatorische Krankenpflegeversicherung nach dem Krankenversicherungsgesetz KVG. Sie sind dem Bundesamt für Gesundheit unterstellt. Die CSS Versicherung AG und die INTRAS Versicherung AG betreiben das Geschäft mit Kranken-Zusatzversicherungen, kollektiven Krankentaggeldversicherungen, kollektiven Unfallversicherungen sowie weiteren Versicherungsprodukten (Sach und Vermögen, Einzelleben) nach dem Versicherungsvertragsgesetz VVG. Aufsichtsbehörde ist die Eidgenössischen Finanzmarktaufsicht (FINMA). Die Tochtergesellschaft vivit Gesundheits AG bietet umfassende Gesundheitsdienstleistungen und -produkte an, die Tochter MC Makler Consulting AG unterhält eine Vermittlerplattform für Versicherungen und Finanzdienstleistungen.		N/A	8,2	8	7	9	8	9	Sehr freundlich  Guter Service	Schwer erreichbar
80	1040	KKV Krankenkasse Visperterminen	-	-	Entscheid mit Sven :   bleibt drin	Yes	Nein	yes	Wierastrasse    3932 Visperterminen   Tel. 027 948 00 50   Fax 027 948 00 51   kkv@visperterminen.ch    www.kkv.ch		kkv.png	Die KKV Krankenkasse mit Sitz in Visperterminen (Kanton Wallis) ist ein lokal und regional fest verankerter Kranken- und Unfallversicherer in der Region Oberwallis. Da die Krankenkasse im Vergleich zu anderen Kassen relativ klein ist, steht für die KKV besonders die persönliche Beziehung zu ihren Kunden und die individuelle Beratung im Vordergrund.     Durch die kostengünstigen Strukturen und geringen Verwaltungsapparat sowie dem Verzicht auf ein kostspieliges Agentur- und Beraternetzwerk kann die KKV ihre Kosten relativ gering halten. Die Kostenersparnis gibt die Versicherungen in Form von niedrigeren Prämien an ihre Kunden weiter.     Zielgruppe der KKV sind Privat- und Unternehmenskunden im Bereich Kranken- und Unfallversicherung. Privatkunden stehen mehrere Modelle im Bereich der obligatorischen Krankenversicherung nach dem Krankenversicherungsgesetz (KVG) zur Auswahl. Ergänzt wird das Angebot durch freiwillige Zusatzversicherungen nach dem Versicherungsvertragsgesetz (VVG), die sowohl allgemeiner Natur sind als sich auch an spezielle Zielgruppen wenden. Unternehmen bietet die KKV maßgeschneiderte (Kollektiv-)Lösungen an, von denen Mitarbeitende und die Unternehmen profitieren. Darüber hinaus hält die Krankenkasse auch Angebote für Selbstständige bereit.     Über die Internetplattform können Versicherte jederzeit mit der KKV in Kontakt treten und beispielsweise wichtige persönliche Daten ändern, Rechnungen stellen oder das gewählte Modell ändern.     Im Rahmen ihrer Angebotspolitik arbeitet die KKV mit verschiedenen Partnern im Bereich Zusatzversicherung und Dienstleistungen zusammen.		N/A	8,2	8	7	9	8	9	Sehr freundlich  Guter Service	Schwer erreichbar
65	829	KluG Krankenversicherung	-	-	Yes	Yes	Nein	yes	Gubelstrasse 22   6300 Zug   Tel. 041 724 32 78   Fax 041 724 20 45    team.klug@klug.ch   www.klug.ch		klug_versicherungen.png	Die Klug Krankenversicherung ist eine kleines Unternehmen, das die Patienten individuell betreut, dafür aber auch erstklassige Leistungen erbringen möchten. Aufgrund eines günstigen Verwaltungsapparates sieht sich die Leitung der Klug Krankenversicherung dazu imstande, keine zu hohen Prämien von den Versicherten zu verlangen. Die Klug Krankenversicherung bietet Versicherungen für Privatpersonen, Familien oder auch Unternehmen, die ihre Mitarbeiter krankenversichern möchten, an. Weiterhin werden viele Zusatzversicherungen neben der Grundkrankenversicherung angeboten, die sich alle um das Thema Gesundheit drehen. Hier werden zum Beispiel eine Zahnversicherung oder auch eine Spitalversicherung und vieles mehr angeboten. Die Versicherung ist vor allem über das Internet und das Telefon für ihre Versicherten erreichbar, aber auch in der Filiale in Zug kann der persönliche Kontakt hergestellt werden. Doch nicht immer ist es möglich, dass die Versicherten von weit her anreisen, dann steht eine Telefonnummer zur Verfügung, auf der der Kundenberater zu erreichen ist. Das Jahr 2012 hat die Klug Krankenversicherung mit einem plus von 312.803,17 CHF abgeschlossen.		N/A	8,2	8	7	9	8	9	Sehr freundlich  Guter Service	Schwer erreichbar
66	1328	kmu-Krankenversicherung	-	-	Yes	Yes	Nein	yes	Bachtelstrasse 5   8400 Winterthur   Tel. 052 269 12 60   Fax 052 269 12 65   info@kmu-kv.ch    www.kmu-kv.ch		kmu_krankenversicherung.png	Mit nur 12 Mitarbeitern ist die KMU ein sehr kleines Unternehmen, das etwa 8000 Versicherte und circa 50 Firmen betreut. Dadurch kommt es in der KMU Krankenversicherung vor allem zu einem sehr persönlichen Kontakt zwischen Kunde und Mitarbeiter. Noch heute hat die KMU ihren Sitz in Winterthur, betreut die Kunden aber auch telefonisch und über das Internet auch an allen anderen Stand- und Wohnorten. Neben der Grundversicherung werden auch viele Zusatzversicherungen angeboten, wie natürlich eine Unfallversicherung, eine Zahnersatzversicherung oder auch eine Rechtsschutzversicherung für gesundheitliche Rechtsfragen. Auch Erwerbsunfall- oder Reisekrankenversicherungen können hier abgeschlossen werden. Das Jahr 2012 schloss die KMU mit einem Gesamtgewinn von 1.250.561 CHF ab.		N/A	8,2	8	7	9	8	9	Sehr freundlich  Guter Service	Schwer erreichbar
30	762	Kolping Krankenkasse AG			Weitere Entwicklung beobachten   => Integration in Sympany ??	yes		yes	Ringstrasse 16    Postfach 198   8600 Dübendorf   Tel. 044 824 80 80   Fax 044 824 80 99   info@mykolping.ch   www.mykolping.ch		sympany.png				8,2	8	7	9	8	9	Sehr freundlich  Guter Service	Schwer erreichbar
4	376	KPT Krankenkasse AG	-	-	yes	Yes	Nein	yes	Tellstrasse 18   Postfach 8624   3001 Bern   Tel. 058 310 91 11   Fax 058 310 86 35   kpt@kpt.ch    www.kpt.ch		kpt_cpt.png	Die KPT CPT Holding AG ist eine große Versicherung mit Hauptsitz in Bern. Bei ihr sind rund 450 Mitarbeiter beschäftigt, die circa 430.000 Versicherte betreuen. Gerade der Online-Markt wird von der Holding AG angesprochen und sie ist über ihre Internetseite 24 Stunden für ihre Kunden erreichbar. Vor allem die Buchstaben KPT stehen für eine besondere Bedeutung. K für Kompetenz, P für persönlich und T für Transparenz. Diesen Grundsatz leben die Mitarbeiter auch täglich bei ihrer Arbeit. Neben der Grundversicherung und der Unfallversicherung bietet die Holding AG natürlich auch viele Zusatzversicherungen an, wie eine Erwerbsausfallversicherung oder eine Internationale Krankenversicherung. Prämien kann ein Kunde sparen, wenn er seine gesamte Kundenverbindung online abwickelt. Laut Geschäftsbericht des Jahres 2012 konnte die Holding AG ihre Versichertenzahl in den letzten Jahren ständig steigern, und das Jahr mit einem Umsatz von 31.876.000,00 CHF erfolgreich abschließen. So hatte die KPT CPT Holding AG eine Umsatzsteigerung im Jahr 2012 von 15,8 % zum Vorjahr.		N/A	8,2	8	7	9	8	9	Sehr freundlich  Guter Service	Schwer erreichbar
3254	134	Kranken- und Unfallkasse  Bezirkskrankenkasse Einsiedeln	-	-	Für Vorversicherungs Vergleich	yes	nein	yes	Hauptstrasse 61   Postfach 57   8840 Einsiedeln   Tel. 055 412 23 18   Fax 055 412 88 34   bezirkskrankenkasse@sihlnet.ch   www.kkeinsiedeln.ch		krankenkasse_einsiedeln.png				8,2	8	7	9	8	9	Sehr freundlich  Guter Service	Schwer erreichbar
?	1540	Krankengeldversicherung für   Mitarbeiter der fenaco  Mitgliedgenossenschaften (KGV)	-	-	Beschluss : Löschen,   Begründung: Taggeld => VVG	nein	Nein	nein	Postfach 344   8401 Winterthur   Tel. 052 264 23 20 (21)   Fax 052 213 67 93		-				7,6	7	7	8	8	8	Sehr freundlich  Guter Service	Schwer erreichbar
67	1322	Krankenkasse Birchmeier	-		yes	Yes	Nein	yes	Hauptstrasse 22   5444 Künten   Tel. 056 485 60 40   Fax 056 485 60 45   info@kkbirchmeier.ch   www.kkbirchmeier.ch		krankenkasse_birchmeier.png	Heute bietet die Kasse ihren Versicherten ein ganzheitliches und attraktives Leistungsangebot. Personen, die im Kanton Aargau wohnen, können je nach persönlichen Wünschen und Bedürfnissen Bausteine einer Grundversicherung, Zusatzversicherungen (ambulant), Spitalversicherungen (stationär), Zahnversicherungen, Patientenrechtsschutzversicherungen, Risikokapitalversicherung, Ferien- und Reiseversicherung und der Klassiker Taggeldversicherung angeboten werden. Engagierte und gut ausgebildeten Mitarbeiter der Krankenversicherung Birchmeier legen Wert auf eine hohe Beratungs- und Dienstleistungsqualität gegenüber den Versicherten. Mittlerweile hat die Krankenversicherung Birchmeier rund 10.000 Mitglieder. Die Bilanzsumme leigt bei ca. 17,5 Mio. CHF (2012).		N/A	8,2	8	7	9	8	9	Sehr freundlich  Guter Service	Schwer erreichbar
?	1142	Krankenkasse Institut Ingenbohl			Für Vorversicherungs Vergleich	nein	nein	nein	6440 Brunnen   Tel. 041 825 22 37   Fax 041 825 22 66   krankenkasse@kloster-ingenbohl.ch		-				7,6	7	7	8	8	8	Sehr freundlich  Guter Service	Schwer erreichbar
49	360	Krankenkasse Luzerner Hinterland	-	-	yes	Yes	Nein	yes	Luzernstrasse 19   6144 Zell   Tel. 041 989 70 00   Fax 041 989 70 01   info@kklh.ch    www.kklh.ch		luzerner_hinterland.png	Die Luzerner Hinterland Krankenversicherung betreut mit neun Mitarbeitern und zwei Auszubildenden die ihre Versicherten von ihrem Sitz Zell (Kanton Luzern) aus. Aufgrund der Mitgliederzahl von etwa 21.000 gehört sie zu den kleineren Krankenversicherungen in der Schweiz, betreut aber trotz des Hauptaugenmerks auf die Region Luzern und Luzerner Landschaft weitere zehn Kantone. Doch genau das spiegelt auch den Leitspruch "Qualität statt Wachstum" der KKLH wider. Die Luzerner Hinterland Krankenversicherung ist neben dem persönlichen ihrem Geschäftssitz auch gut über das Internet oder einen zentralen Telefonanschluss erreichbar. Neben der Grundversicherung bietet die Krankenversicherung natürlich auch viele Zusatzversicherungen im Sinne von KVG und VVG an. So werden hier unter anderem eventuelle Folgeschäden von Unfällen, Mutterschaften und Krankheiten versichert. Aber auch Zahnersatzversicherungen, Reise- und Auslandsversicherungen oder Spitalversicherungen können hier zusätzlich abgeschlossen werden. Laut Geschäftsbericht der KKLH steigerte sich der Mitgliederbestand vom Jahr 1990 mit gerade mal 4000 auf im Jahr 2012 ca. 21.000 Versicherte. Gerade in den letzten 10 Jahren stieg diese Zahl rasant an. Im Jahr 2012 machte die Krankenversicherung zudem einen Gewinn von 1.901.466 CHF und schloss somit mit einem Eigenkapital von 32.888.203 CHF. Im Vorjahr waren dies hingegen "nur" 30.147.567 CHF.		N/A	7,8	7	7	8	8	9	Sehr freundlich  Guter Service	Schwer erreichbar
?	1522	Krankenkasse Schweizerischer Metallbaufirmen	-	-	Für Vorversicherungs Vergleich	Nein	Nein	nein	Dielsdorferstrasse 1   Postfach 56   8173 Neerach   Tel. 01 321 55 30   Fax 01 321 55 52		-				7,6	7	7	8	8	8	Sehr freundlich  Guter Service	Schwer erreichbar
?	1362	Krankenkasse Simplon	-	-	Für Vorversicherungs Vergleich	nein	nein	nein	3907 Simplon-Dorf   Tel. 027 979 14 39    Fax 027 979 14 39   kk.simplondorf@rhone.ch		-				7,6	7	7	8	8	8	Sehr freundlich  Guter Service	Schwer erreichbar
68	246	Krankenkasse Steffisburg	-	-	yes	Yes	Nein	yes	Unterdorfstrasse 37   Postfach   3612 Steffisburg   Tel. 033 439 40 20   Fax 033 439 40 29   info@kkst.ch    www.kkst.ch		krankenkasse_steffisburg.png	Die Krankenkasse Steffisburg ist eine regional tätige Krankenkasse. Sie hat Ihren Hauptsitz, wie der Name schon sagt, in Steffisburg und ist dort überwiegend regional tätig. Aber natürlich ist sie auch über zentrale Telefonnummer und den E-Mail-Kontakt zu erreichen. Die Krankenkasse Steffisburg ist eine sehr kleine Versicherung mit gerade mal einem Geschäftsführer sowie acht Mitarbeitern und Mitarbeiterinnen. Hier ist vor allem eine persönliche Beratung der Versicherten gewährleistet. Neben der Grundversicherung sowie der Unfallversicherung bietet die Krankenkasse Steffisburg natürlich auch viele Zusatzversicherungen an, zum Beispiel eine Zahnkostenversicherung oder eine Versicherung, mit der eventuelle Krankenhauskosten und Rettungskosten abgegolten werden. Dem Unternehmen ist es vor allem wichtig, sich gerade für die Anliegen Ihrer Versicherten stark zu machen. Dieses Konzept verfolgt sie nun seit über 150 Jahren. In dem Geschäftsbericht von 2012 kann man jedoch ersehen, dass der Versichertenbestand um ungefähr 21 % zum Vorjahr zurückgegangen ist. Das Jahr 2012 schloss mit einem Gewinn von 689.133,52 CHF ab. Dies waren circa 40 % Gewinn weniger als im Vorjahr.		N/A	7,8	7	7	8	8	9	Sehr freundlich  Guter Service	Schwer erreichbar
77	1331	Krankenkasse Stoffel			Für Vorversicherungs Vergleich	yes	Nein	yyes	Bahnhofstrasse 63   8887 Mels   Tel. 081 723 56 09   Fax 081 723 76 55   info@kkstoffel.ch   www.kkstoffel.ch		-	Die als Verein organisierte Krankenkasse Stoffel mit Sitz in Mels (Kanton St. Gallen) ist eine noch recht junge und lokal fest verankerte Schweizer Versicherungsgesellschaft mit dem Schwerpunkt auf Kranken- und Zusatzversicherungen. Im Bereich der obligatorischen Krankenpflegeversicherung (Grundversicherung) und der Taggeldversicherung nach dem KVG gewährt die Krankenkasse Stoffel ihren Mitgliedern, beruhend auf dem Grundsatz der Gegenseitigkeit, Versicherungsschutz gegen die wirtschaftlichen Folgen von Krankheit, Mutterschaft und Unfall. Seit dem 01. Januar 1997 bietet die Krankenkasse darüber hinaus Zusatzversicherungen gemäß dem Versicherungsvertragsgesetz (VVG) ebenfalls zum Schutz gegen die wirtschaftlichen Folgen von Krankheit, Mutterschaft und Unfall. Die Zusatzversicherungen der Krankenkasse Stoffel bilden damit eine Ergänzung des Grundversicherungsangebots.     Die Krankenkasse Stoffel verfügt über eine Niederlassung in Mels. Darüber hinaus stellt sie auf ihrer Internetplattform ein umfangreiches Download-Portal zur Verfügung, wo sich Interessierte über die Versicherungsprodukte- und -dienstleistungen informieren können.     Im Rahmen der Versicherungsprämien bietet die Krankenkasse Stoffel ihren Mitgliedern mehrere Möglichkeiten, den Prämienbetrag zu reduzieren, beispielsweise durch eine höher wählbare Franchise bei der obligatorischen Krankenversicherung. Darüber hinaus gibt es auch einen Prämienrabatt, wenn der Versicherte über seinen Arbeitgeber gegen Unfallrisiken versichert ist. Und auch im Rahmen der freiwilligen Zusatzversicherung hält die Krankenkasse entsprechende Angebote wie den Familienrabatt (ab zwei oder ab drei Personen) bereit.     Die Krankenkasse Stoffel versicherte zum Bilanzstichtag 31. Dezember 2012 in der obligatorischen Krankenversicherung insgesamt 1.678, im wählbaren Franchise 646 und im Hausarztsystem 823 Personen. Im Bestand der Zusatzversicherungen befanden sich 2.020 Policen. Träger der Zusatzversicherungen ist die Helsana Zusatzversicherungen AG. Die Prämieneinnahmen zum Bilanzstichtag 2012 beliefen sich auf rund 3,9 Millionen Schweizer Franken. Dem gegenüber standen Aufwendungen für Versicherungsleistungen in Höhe von ca. 3,6 Millionen Schweizer Franken.			7,6	7	7	8	8	8	Sehr freundlich  Guter Service	Schwer erreichbar
-	1147	Krankenkasse Turbenthal			Beschluss : Löschen, da nicht digtal  angebunden	nein		nein	Tösstalstrasse 147   8488 Turbenthal   Tel. 052 385 33 65		-				7,6	7	7	8	8	8	Sehr freundlich  Guter Service	Schwer erreichbar
-	1003	Krankenkasse Zeneggen			Yes	ja	Nein	ja	Neue Scheune   3934 Zeneggen   Tel. 027 946 67 08   Fax 027 946 45 64   kkz@rhone.ch		-				8,2	8	7	9	8	9	Sehr freundlich  Guter Service	Schwer erreichbar
61	558	Krankenversicherung Flaachtal AG	Ein Angebot der ÖKK	Ökk	yes	yes	Nein	yes	Bahnhofstrasse 13   7302 Landquart   Tel. 058 456 10 10   Fax 058 456 10 11   info@oekk.ch    www.oekk.ch		ökk.png	Die Stiftung ÖKK hat ihren Sitz in Landquart (Kanton Graubünden) und ist ein Schweizer Versicherungsunternehmen mit einer Holdingstruktur. Der Versicherer hat vor allem im Kanton Graubünden einen hohen Marktanteil (50 Prozent, Stand 2013). Darüber hinaus ist das Unternehmen aber auch schweizweit tätig. Heute kommen bereits 40 Prozent aller Versicherten aus Regionen außerhalb des Kantons Graubünden – Tendenz steigend.     Die ÖKK versicherte zum Abschlussstichtag 31. Dezember 2012 rund 167.000 Menschen und 14.700 Unternehmen. Das Unternehmen beschäftigt ca. 370 Mitarbeiter in 38 Agenturen, die sich auf neun verschiedene Kantone mit Schwerpunkt Graubünden verteilen.     Das Angebot der Stiftung ÖKK erstreckt sich auf Versicherungslösungen aus den Bereichen Krankheit, Unfall, Erwerbsausfall und berufliche Vorsorge. In Zusammenarbeit mit verschiedenen Partnerfirmen werden auch Lebens-, Haftpflicht- und Sachversicherungen über die ÖKK vertrieben.     Die Bruttoprämieneinnahmen aus den unterschiedlichen Geschäftsbereichen bezifferte der Versicherer im Geschäftsjahr 2012 mit rund 592,5 Millionen Schweizer Franken. In der Bilanz der ÖKK wurde zum Abschlussstichtag 31. Dezember 2012 eine Summe von 426,2 Millionen Franken ausgewiesen. Der Jahresgewinn belief sich auf 11,8 Millionen Franken.		N/A	8,2	8	7	9	8	9	Sehr freundlich  Guter Service	Schwer erreichbar
70	1574	maxi.ch Versicherungen AG   maxi.ch Assurances SA   maxi.ch Assicurazioni SA	Ein Angebot der Helsana Gruppe	Helsana Gruppe	yes	nein	nein	nein	Helsana-Gruppe   Postfach   8081 Zürich   Tel. 043 340 11 11   Fax 043 340 01 11   http://www.helsana.ch		helsana.png				7,6	7	7	8	8	8	Sehr freundlich  Guter Service	Schwer erreichbar
28	1479	Mutuel Assurance Maladie SA   Mutuel Krankenversicherung AG   Mutuel Assicurazione Malattia SA		Groupe Mutuel	yes	yes	Nein	yes	Groupe Mutuel   Mutuel Assurances   Rue des Cèdres 5   1920 Martigny   Tel. 0848 803 111   Fax 0848 803 112   info@groupemutuel.ch   www.groupemutuel.ch		groupe_mutuel.png	Rund 1,2 Millionen (1'190'000) Einzelversicherte sind den Mitgliedskrankenversicherern der Groupe Mutuel für die obligatorische Krankenpflegeversicherung (OKP) angeschlossen. Zählt man die Versicherten mit nur einer privaten Zusatzversicherung dazu, beträgt die Versichertenzahl 1,4 Millionen. Rund 17'000 Unternehmen aus allen Tätigkeitsbereichen vertrauen bei ihren Taggeldversicherungen, Unfallversicherungen und der beruflichen Vorsorge voll und ganz den Versicherern der Groupe Mutuel. Der Umsatz aller Mitgliedsgesellschaften übersteigt 4,6 Milliarden Franken, rund 3,7 Milliarden stammen aus dem Bereich Krankenversicherung. Die Krankenversicherer der Groupe Mutuel bieten umfassende Lösungspakete in der obligatorischen Krankenpflegeversicherung und den Zusatzversicherungen an. Die Groupe Mutuel verwaltet ausserdem zwei Vorsorgestiftungen: die schweizweit tätige Groupe Mutuel Vorsorge und die Walliser Vorsorge, die auf die Unternehmen im Kanton Wallis ausgerichtet ist. Die Groupe Mutuel Leben GMV AG deckt den Bereich Lebensversicherungen ab. Mit ihren verschiedenen Versicherungsgesellschaften ist die Groupe Mutuel, Association d’assureurs, ein umfassendes Unternehmen, das Einzelpersonen sowie Unternehmen mit bedarfsgerechten Versicherungslösungen unterstützt.		N/A	8,2	8	7	9	8	9	Sehr freundlich  Guter Service	Schwer erreichbar
21	455	ÖKK Kranken- und  Unfallversicherungen AG	-	-	Yes	Yes	Nein	yes	Bahnhofstrasse 13   7302 Landquart   Tel. 058 456 10 10   Fax 058 456 10 11   info@oekk.ch    www.oekk.ch		ökk.png	Die Stiftung ÖKK hat ihren Sitz in Landquart (Kanton Graubünden) und ist ein Schweizer Versicherungsunternehmen mit einer Holdingstruktur. Der Versicherer hat vor allem im Kanton Graubünden einen hohen Marktanteil (50 Prozent, Stand 2013). Darüber hinaus ist das Unternehmen aber auch schweizweit tätig. Heute kommen bereits 40 Prozent aller Versicherten aus Regionen außerhalb des Kantons Graubünden – Tendenz steigend.     Die ÖKK versicherte zum Abschlussstichtag 31. Dezember 2012 rund 167.000 Menschen und 14.700 Unternehmen. Das Unternehmen beschäftigt ca. 370 Mitarbeiter in 38 Agenturen, die sich auf neun verschiedene Kantone mit Schwerpunkt Graubünden verteilen.     Das Angebot der Stiftung ÖKK erstreckt sich auf Versicherungslösungen aus den Bereichen Krankheit, Unfall, Erwerbsausfall und berufliche Vorsorge. In Zusammenarbeit mit verschiedenen Partnerfirmen werden auch Lebens-, Haftpflicht- und Sachversicherungen über die ÖKK vertrieben.     Die Bruttoprämieneinnahmen aus den unterschiedlichen Geschäftsbereichen bezifferte der Versicherer im Geschäftsjahr 2012 mit rund 592,5 Millionen Schweizer Franken. In der Bilanz der ÖKK wurde zum Abschlussstichtag 31. Dezember 2012 eine Summe von 426,2 Millionen Franken ausgewiesen. Der Jahresgewinn belief sich auf 11,8 Millionen Franken.		N/A	7,8	7	7	8	8	9	Sehr freundlich  Guter Service	Schwer erreichbar
97	1535	Philos Assurance Maladie SA   Philos Krankenversicherung AG   Philos Assicurazione Malattia SA	Ein Angebot der Groupe Mutuel	Groupe Mutuel	Yes	Yes	Nein	yes	Groupe Mutuel   Philos Caisse maladie-accident   Rue des Cèdres 5   1920 Martigny   Tel. 0848 803 111   Fax 0848 803 112   info@groupemutuel.ch   www.groupemutuel.ch		groupe_mutuel.png	Rund 1,2 Millionen (1'190'000) Einzelversicherte sind den Mitgliedskrankenversicherern der Groupe Mutuel für die obligatorische Krankenpflegeversicherung (OKP) angeschlossen. Zählt man die Versicherten mit nur einer privaten Zusatzversicherung dazu, beträgt die Versichertenzahl 1,4 Millionen. Rund 17'000 Unternehmen aus allen Tätigkeitsbereichen vertrauen bei ihren Taggeldversicherungen, Unfallversicherungen und der beruflichen Vorsorge voll und ganz den Versicherern der Groupe Mutuel. Der Umsatz aller Mitgliedsgesellschaften übersteigt 4,6 Milliarden Franken, rund 3,7 Milliarden stammen aus dem Bereich Krankenversicherung. Die Krankenversicherer der Groupe Mutuel bieten umfassende Lösungspakete in der obligatorischen Krankenpflegeversicherung und den Zusatzversicherungen an. Die Groupe Mutuel verwaltet ausserdem zwei Vorsorgestiftungen: die schweizweit tätige Groupe Mutuel Vorsorge und die Walliser Vorsorge, die auf die Unternehmen im Kanton Wallis ausgerichtet ist. Die Groupe Mutuel Leben GMV AG deckt den Bereich Lebensversicherungen ab. Mit ihren verschiedenen Versicherungsgesellschaften ist die Groupe Mutuel, Association d’assureurs, ein umfassendes Unternehmen, das Einzelpersonen sowie Unternehmen mit bedarfsgerechten Versicherungslösungen unterstützt.		N/A	8,2	8	7	9	8	9	Sehr freundlich  Guter Service	Schwer erreichbar
87	994	Progrès Versicherungen AG   Progrès Assurances SA   Progrès Assicurazioni SA	Ein Angebot der Helsana Gruppe	Helsana Gruppe	Yes	Yes	Nein	yes	Helsana-Gruppe   Progrès Versicherungen AG   Postfach   8081 Zürich   el. 043 340 11 11   Fax 043 340 01 11   http://www.helsana.ch		helsana.png	Die Helsana AG mit Sitz in Dübendorf ist ein auf die Krankenversicherung spezialisierter Schweizer Versicherungskonzern. Mit 1,9 Millionen Versicherten und Prämieneinnahmen von 6 Milliarden Schweizer Franken ist die Helsana-Gruppe der führende Kranken- und Unfallversicherer der Schweiz. Die Unternehmensgruppe beschäftigt rund 3000 Mitarbeitende und verfügt über ein schweizweites Netz von 22 Generalagenturen und 19 Verkaufsstellen.   Der Konzern umfasst fünf operativ tätige Tochtergesellschaften, die auf den Gebieten der Grundversicherung, der Zusatzversicherungen und der Unfallversicherungen tätig sind. Diese treten unter den Namen Helsana, Progrès, Sansan und Avanex als eigenständige Marken am Markt auf. Aerosana, eine weitere ehemalige Tochtergesellschaft, fusionierte per 1. Januar 2011 mit Progrès.  Das Kerngeschäft der Helsana-Gruppe bildet die Grundversicherung nach demKrankenversicherungsgesetz und generiert damit rund 70 Prozent der gesamten Prämieneinnahmen. Die Sparte Zusatzversicherungen bildet mit 27 Prozent der Prämieneinnahmen das zweite Standbein. Daneben bietet die Gruppe Unternehmen und Verbänden Kollektivtaggeld- und Unfallversicherungen sowie Lösungen in der beruflichen Vorsorge an.		N/A	8,2	8	7	9	8	9	Sehr freundlich  Guter Service	Schwer erreichbar
71	182	PROVITA Gesundheitsversicherung AG   PROVITA assurance santé SA	Ein Angebot der SWICA	Swica	yes	yes	Nein	yes	SWICA Krankenversicherung AG  Generaldirektion   Römerstrasse 38  8401 Winterthur   Tel. 052 244 22 33  Fax 052 244 22 90  swica@swica.ch		swica.png	Die Provita Holding AG – vormals Sulzer-Krankenkasse – mit Sitz in Winterthur (Kanton Zürich) ist eine auf Krankenversicherungen spezialisierte Schweizer Versicherungsgesellschaft. Kerngeschäft der Versicherung ist die Grundversicherung nach dem Krankenversicherungsgesetz (KVG) und Zusatzversicherungen.     Der Konzern verfügt über eine Holdingstruktur und umfasst zwei operativ tätige Tochtergesellschaften. Die kompletten Aktien der Provita Holding AG werden vom Verein Provita Grundversicherung gehalten. Für die Durchführung der Kranken- und Unfallversicherung nach dem KVG ist die Provita Grundversicherung AG zuständig. Für die Durchführung der Zusatzversicherungen gemäß dem Versicherungsvertragsgesetz (VVG) ist die Provag Versicherungen AG zuständig, die 2011 jedoch an die SWICA Holding verkauft wurde. Das Hauptgeschäft macht der Konzern mit der Grundversicherung nach dem KVG. Der Anteil an den gesamten Prämieneinnahmen betrug bis 2011 gut 85 Prozent.     Zum 31. Dezember 2012 versicherte die Provita 57.157 Personen, was einem Plus zum Vorjahreszeitraum von 4,9 Prozent entsprach. Der Konzern beschäftigte in diesem Berichtszeitraum 61 Mitarbeiter sowie drei Lernende. In der Bilanz weist die Provita eine Summe von 76,0 Millionen Schweizer Franken aus. Der gesamte Prämienertrag belief sich in 2012 auf 156,1 Millionen Franken, was einem Anstieg zum Geschäftsjahr 2011 von 6,1 Prozent (169,6 Millionen Franken) entsprach. Aufgrund eines Anstiegs der Leistungen um 4,3 Prozent (176,8 Millionen Franken), erzielte die Provita 2012 einen negativen Jahresgewinn von 4,4 Millionen Franken.		N/A	7,8	7	7	8	8	9	Sehr freundlich  Guter Service	Schwer erreichbar
72	1423	Publisana Krankenkasse AG	Ein Angebot der KPT CPT	KPT CPT	yes	yes	Nein	yes	Tellstrasse 18   Postfach 8624   3001 Bern   Tel. 058 310 91 11   Fax 058 310 86 35   kpt@kpt.ch    www.kpt.ch		kpt_cpt.png	Die KPT CPT Holding AG ist eine große Versicherung mit Hauptsitz in Bern. Bei ihr sind rund 450 Mitarbeiter beschäftigt, die circa 430.000 Versicherte betreuen. Gerade der Online-Markt wird von der Holding AG angesprochen und sie ist über ihre Internetseite 24 Stunden für ihre Kunden erreichbar. Vor allem die Buchstaben KPT stehen für eine besondere Bedeutung. K für Kompetenz, P für persönlich und T für Transparenz. Diesen Grundsatz leben die Mitarbeiter auch täglich bei ihrer Arbeit. Neben der Grundversicherung und der Unfallversicherung bietet die Holding AG natürlich auch viele Zusatzversicherungen an, wie eine Erwerbsausfallversicherung oder eine Internationale Krankenversicherung. Prämien kann ein Kunde sparen, wenn er seine gesamte Kundenverbindung online abwickelt. Laut Geschäftsbericht des Jahres 2012 konnte die Holding AG ihre Versichertenzahl in den letzten Jahren ständig steigern, und das Jahr mit einem Umsatz von 31.876.000,00 CHF erfolgreich abschließen. So hatte die KPT CPT Holding AG eine Umsatzsteigerung im Jahr 2012 von 15,8 % zum Vorjahr.		N/A	8,2	8	7	9	8	9	Sehr freundlich  Guter Service	Schwer erreichbar
73	1401	rhenusana	-	-	yes	Yes	Nein	yes	Heinrich-Wild-Strasse 210   Postfach   9435 Heerbrugg   Tel. 071 727 88 00   Fax 071 727 88 99   info@rhenusana.ch   www.rhenusana.ch		rhenusana.png	Die Rhenusana ist eine regional festverankerte Schweizer Versicherungsgesellschaft mit Sitz in Heerbrugg (Kanton St. Gallen) und einer weiteren Niederlassung in Oberriet. Organisiert ist die Rhenusana als Verein. Haupttätigkeitsschwerpunkt der Rhenusana ist das Geschäft mit der obligatorischen Grundversicherung, Zusatzversicherungen und verschiedenen alternativen Versicherungsmodellen (z. B. Hausarztsystem, sanmed24). Im Bereich der Zusatzversicherungen bietet die Rheunsana ein umfangreiches Angebot an Versicherungsprodukten an. Neben Privatkunden richtet sich die Versicherung auch an Unternehmen und offeriert entsprechende Versicherungsdienstleistungen zur Absicherung der Mitarbeitenden des Unternehmens.     Die Rhenusana ist Mitglied im Verband der kleinen und mittleren Krankenversicherer (RVK). Sie besonders fest verankert im St. Galler Rheintal und richtet sich daher vorwiegend an die Bevölkerung und Wirtschaft der Ostschweiz.     In ihrer Bilanz 2011 weist das Unternehmen eine Summe von 25,2 Millionen Schweizer Franken aus. Der Jahresgewinn der Versicherung betrug im Berichtszeitraum 8.349,66 Franken. Die Einnahmen aus Versicherungsprämien betrugen über 37,9 Millionen Franken, was einem Zuwachs von 8,4 Prozent gegenüber dem Vorjahr entsprach. Dem gegenüber stand zum Abschlussstichtag 31. Dezember 2011 ein Versicherungsaufwand von rund 35,1 Millionen Franken.		N/A	7,8	7	7	8	8	9	Sehr freundlich  Guter Service	Schwer erreichbar
83	1568	sana24 AG	Ein Angebot der Visana	Visana	yes	Yes	Nein	yes	Weltpoststrasse 19/21   Postfach 253   3000 Bern 15   Tel. 031 357 91 11   Fax 031 357 96 22   info@visana.ch   www.visana.ch		visana.png	Visana mit Sitz in Bern ist ein auf die Krankenversicherung und Unfallversicherungspezialisierter Schweizer Versicherungskonzern. Die Unternehmensgruppe zählt über 570'000 grundversicherte Personen. Insgesamt zählt sie rund 1,2 Mio. Versicherte und erzielte 2014 mit 1'290 Mitarbeitern Prämieneinnahmen von 2,9 Milliarden Schweizer Franken.  Der Konzern verfügt über eine Holdingstruktur mit der Stiftung Visana Plus als oberstes Dach der Gruppe sowie über die vier im Versicherungsbereich operativ tätigen Tochtergesellschaften Visana AG, Visana Versicherungen AG, sana24 AG und vivacare AG.  Die Visana-Gruppe gehört zu den grösseren schweizerischen Kranken- und Unfallversicherern. Sie bietet die obligatorische Krankenpflegeversicherung (OKP) nach Krankenversicherungsgesetz (KVG), Zusatz- und Sachversicherungen nach Versicherungsvertragsgesetz (VVG) und Unfallversicherungen nach Unfallversicherungsgesetz (UVG) an.  Visana versichert Privatkunden (Einzelpersonen und Familien) sowie Firmenkunden (Unternehmen, öffentliche Institutionen und Verbände). Für Letztere bietet sie Lohnausfall- und Unfallversicherungen an.		N/A	7,8	7	7	8	8	9	Sehr freundlich  Guter Service	Schwer erreichbar
52	1577	Sanagate AG	Ein Angebot der CSS	CSS	Yes	Yes	Nein	yes	Tribschenstrasse 21   Postfach 2568   6002 Luzern   Tel. 0800 347 358   Fax 058 911 80 33   office.de@sanagate.ch   www.sanagate.ch		css.png	Die Sanagate AG ist eine 100-prozentige Tochtergesellschaft der CSS Gruppe, eines auf Krankenversicherungen spezialisierten Schweizer Versicherungskonzerns. Sitz der Sanagate ist Luzern (Kanton Luzern), wo auch der CSS Konzern seinen Sitz hat.     Als Online- und Direktversicherer verzichtet die Sanagate AG komplett auf Zweigstellen oder ein ausgebautes Filial- oder Beraternetz. Vor diesem Hintergrund zeichnet sich der Direktversicherer durch eine schlanke Struktur und Verwaltung, keine Sammelrechnungen, kein kostenintensives Agenturnetz etc. aus. Die Kostenersparnisse, die die Krankenversicherung dadurch erzielen kann, gibt sie an ihre Kunden in Form von langfristig günstigen Prämien weiter. Versicherte müssen dabei nicht auf Leistungen oder ähnliches verzichten. Die Sanagate AG bietet ihren Versicherten die gleichen Leistungen einer gesetzlichen Krankenversicherung und offeriert darüber hinaus weitere attraktive Zusatzangebote.     Eckpfeiler der Strategie der Sanagate sind schlanke Strukturen, einfach und übersichtliche Versicherungsprodukte im Rahmen der obligatorischen Krankenversicherung nach dem KVG sowie eine hohe Eigenverantwortung der Versicherten. Dadurch werden nachhaltig günstige Prämien ermöglicht. Die Sanagate AG stellt eine innovative Reaktion auf die Entwicklungen des Schweizer Gesundheitswesens dar. Sie bietet ein übersichtliches Produktportfolio und stellt in der Grundversicherung mit der ordentlichen Grundversicherung und der Hausarztversicherung zwei Varianten den Versicherten zur Auswahl. Im Bereich der Zusatzversicherung bietet die Sanagate AG fünf weitere Versicherungen, die das Angebot komplettieren (Ambulantversicherung, Spitalversicherung, Alternativversicherung, Zahnpflegeversicherung und Versicherung bei Tod oder Invalidität durch Unfall).     Die CSS Gruppe gehört mit einer Versichertenzahl per 31. Dezember 2012 von über 1,2 Millionen Versicherten zu den führenden Schweizer Krankenversicherungen. Von den 1,2 Millionen Versicherten entfallen 49.445 Versicherte (ca. vier Prozent) auf die Sanagate AG. Im Vergleichszeitraum 2011 versicherte die Sanagate dagegen nur 30.285 Menschen.		N/A	7,8	7	7	8	8	9	Sehr freundlich  Guter Service	Schwer erreichbar
74	901	sanavals Gesundheitskasse	-	-	Für Vorversicherungs Vergleich	Yes	Nein	yes	Haus ISIS   Postfach 18   7132 Vals   Tel. 081 935 11 44   Fax 081 936 90 28   info@sanavals.ch   www.sanavals.ch		sanavals.png	Die Sanavals Gesundheitskasse ist eine sehr kleine Krankenversicherung, die gerade mal circa 2460 Versicherte im Kanton Graubünden mit drei Mitarbeitern betreut. Das Jahr 2012 schloss die Krankenversicherung mit einem fast doppelt so guten Ergebnis zum Vorjahr ab und erzielte hier im Jahr 2012 ein Jahresergebnis von 1.129.524,17 CHF. Neben der Grundversicherung und der Unfallversicherung bietet die Sanavals Gesundheitskasse natürlich auch einige Zusatzversicherungen nach VVG an, wie zum Beispiel Versicherungen gegen Invalidität auf Grund von Unfall oder Krankheit, Zahnschutzversicherungen oder aber Spitalgeldversicherungen und viele mehr. Die Sanavals Gesundheitskasse hat ihren Hauptsitz in Vals, an dem die Mitarbeiter persönlich angetroffen werden können, sowie eine Internetseite, über die die Kunden ebenfalls mit den Mitarbeitern in Kontakt treten können. Natürlich sind die Angestellten der Gesundheitskasse zu den Geschäftsöffnungszeiten auch über das Telefon erreichbar.		N/A	7,8	7	7	8	8	9	Sehr freundlich  Guter Service	Schwer erreichbar
19	1509	Sanitas Grundversicherungen AG	-	-	yes	Yes	Ja	yes	Jägergasse 3   Postfach 2010   8021 Zürich   Tel. 044 298 63 00   Fax 044 298 62 50   info@sanitas.com   www.sanitas.com		sanitas.png	Die Sanitas Krankenversicherung mit Sitz in Zürich ist ein auf die Krankenversicherungspezialisierter Schweizer Versicherungskonzern. Die Unternehmensgruppe zählte Anfang 2014 rund 824'000 Versicherte und erzielte 2013 mit knapp 700 Mitarbeitern Prämieneinnahmen von 2,484 Milliarden Schweizer Franken. Damit finanzierte Sanitas Versicherungsleistungen in Höhe von 2,338 Milliarden Schweizer Franken.  Die Gruppe verfügt über eine Holdingstruktur und umfasst fünf operativ tätige Tochtergesellschaften, die auf den Gebieten der Grundversicherung (Sanitas, Wincare und Compact) und der Zusatzversicherungen (Sanitas und Wincare) tätig sind. Die in der Rechtsform einer Stiftung organisierte Sanitas Krankenversicherung bildet die Dachgesellschaft.  Das Kerngeschäft der Sanitas Gruppe ist die Grundversicherung nach demKrankenversicherungsgesetz, die rund 71 Prozent der gesamten Prämieneinnahmen ausmacht. Die Sparte mit den Zusatzversicherungen ist das zweite Standbein.		N/A	9	9	9	9	9	9	Sehr freundlich  Guter Service	Schwer erreichbar
50	1566	sansan Versicherungen AG   sansan Assurances SA   sansan Assicurazioni SA	Ein Angebot der Helsana Gruppe	Helsana Gruppe	yes	Yes	Nein	yes	Helsana-Gruppe   sansan Versicherungen AG   Postfach   8081 Zürich  el. 043 340 11 11   Fax 043 340 01 11   http://www.helsana.ch		helsana.png	Die Helsana AG mit Sitz in Dübendorf ist ein auf die Krankenversicherung spezialisierter Schweizer Versicherungskonzern. Mit 1,9 Millionen Versicherten und Prämieneinnahmen von 6 Milliarden Schweizer Franken ist die Helsana-Gruppe der führende Kranken- und Unfallversicherer der Schweiz. Die Unternehmensgruppe beschäftigt rund 3000 Mitarbeitende und verfügt über ein schweizweites Netz von 22 Generalagenturen und 19 Verkaufsstellen.   Der Konzern umfasst fünf operativ tätige Tochtergesellschaften, die auf den Gebieten der Grundversicherung, der Zusatzversicherungen und der Unfallversicherungen tätig sind. Diese treten unter den Namen Helsana, Progrès, Sansan und Avanex als eigenständige Marken am Markt auf. Aerosana, eine weitere ehemalige Tochtergesellschaft, fusionierte per 1. Januar 2011 mit Progrès.  Das Kerngeschäft der Helsana-Gruppe bildet die Grundversicherung nach demKrankenversicherungsgesetz und generiert damit rund 70 Prozent der gesamten Prämieneinnahmen. Die Sparte Zusatzversicherungen bildet mit 27 Prozent der Prämieneinnahmen das zweite Standbein. Daneben bietet die Gruppe Unternehmen und Verbänden Kollektivtaggeld- und Unfallversicherungen sowie Lösungen in der beruflichen Vorsorge an.		N/A	7,6	7	7	8	8	8	Sehr freundlich  Guter Service	Schwer erreichbar
75	923	SLKK	-	-	Yes	Yes	Ja	yes	Hofwiesenstrasse 370   Postfach 5652   8050 Zürich   Tel. 044 368 70 30   Fax 044 368 70 47   info@slkk.ch   www.slkk.ch		slkk.png	Beide Versicherungen haben ihren Hauptsitz in Zürich, in dem das gesamte Versicherungsgeschäft abgewickelt wird. Die Versicherungen sind vor allem über das Internet für ihre Versicherten zu erreichen, doch auf Wunsch der Kunden kommen gerne auch die Makler und Vermittler der Versicherung zu den Versicherten nach Hause. Dies muss einfach nur auf der Webseite der Versicherung von den Kunden angegeben werden. Neben der Grund- und der Unfallversicherung nach KVG bietet die Krankenversicherung SLKK natürlich auch viele Zusatzversicherungen nach VVG an, die die Versicherten nicht nur einzeln sondern auch in vielen verschiedenen Paketen abschließen können. So werden hier auch Zusatzversicherungen für Naturheilverfahren, für Medikamente, für Sehhilfen oder für Zahnersatz angeboten. Die Krankenversicherung ist in der gesamten deutschsprachigen Schweiz tätig, wohingegen sich das Tätigkeitsgebiet der SLKK Versicherungen über die gesamte Schweiz, also auch die italienische und die französische, erstreckt. Die Krankenversicherung schloss das Jahr 2012 mit einem Gewinn von 841.000,00 CHF ab, dies war doppelt so viel wie im Vorjahr. Die SLKK Versicherungen hingegen schaffte im Jahr 2012 einen Reingewinn von 834.721,31 CHF.		N/A	7,6	7	7	8	8	8	Sehr freundlich  Guter Service	Schwer erreichbar
101	941	sodalis gesundheitsgruppe	-	-	Für Vorversicherungs Vergleich	yes	nein	yes	Balfrinstrasse 15   3930 Visp   Tel. 027 948 14 00    Fax 027 948 14 04   info@sodalis.ch    www.sodalis.ch		-				8,2	8	7	9	8	9	Sehr freundlich  Guter Service	Schwer erreichbar
69	1318	Stiftung Krankenkasse Wädenswil	-	-	yes	Yes	Nein	yes	Schönenbergstrasse 28   8820 Wädenswil   Tel. 044 780 74 00   Fax 044 780 87 33   www.kkwaedenswil.ch		krankenkasse_wädenswil.png	Die Krankenkasse Wädenswil liegt direkt am Zürichsee-Ufer und wird von fünf Mitarbeitern geführt. Da es sich um ein kleines Team im Versicherungsunternehmen handelt, ist es überaus flexibel. Insbesondere innovative Produkte werden in der Schweiz immer gern gesehen. Auch wenn das Unternehmen für die ganze Schweiz und international arbeitet, kennt jeder Mitarbeiter jeden Kunden und entscheidet im Zweifelfall kulant. Kurze Wege und übersichtliche Strukturen optimieren den Arbeitsablauf. Der Standort befindet sich direkt in Wädenswill, so dass die Nähe zu den Versicherten jederzeit gegeben ist. Die Geschäftsbereiche der Versicherung erstrecken sich auf Krankheitskapital, Auslandsversicherungen, Unfallkapital und zahlreiche Zusatzversicherungen. Dazu gehören die Heilkostenzusatzversicherung, die Taggeldversicherung, die Spitalversicherung und die Zahnflegeversicherung. Hinzu kommt die Vermittlung von der Hausarztversicherung, wobei die unterschiedlchen Kantone bedacht werden müssen. Aargau, Schwyz und Zürich gehören dazu. Das Geschäftsjahr 2012 war ein Erfolg, denn die Krankenkasse Wädenswil konnte ihren Bestand weiterhin erweitern.Insgesamt schließt der Bericht mit 643 793.94 Franken ab.		N/A	7,8	7	7	8	8	9	Sehr freundlich  Guter Service	Schwer erreichbar
78	194	Sumiswalder Krankenkasse	-	-	yes	Yes	Nein	yes	Spitalstrasse 47   3454 Sumiswald   Tel. 034 432 30 60   Fax 034 432 30 61   info@sumiswalder.ch    www.sumiswalder.ch		sumiswalder.png	Die Sumiswalder Kranken- und Unfallkasse mit Sitz in Sumiswald (Kanton Bern) ist die älteste Krankenkasse der Schweiz. Sie wurde 1823 in der Rechtsform eines Vereins gegründet und hat diese bis heute beibehalten. Die Sumiswalder ist vor allem in der Deutschschweiz mit Schwerpunkt im Kanton Bern und den angrenzenden Kantonen aktiv. Sie beschäftigt 34 Mitarbeiter sowie einen Lernenden am Stammsitz in Sumiswald.     Das Kerngeschäft der Sumiswalder Kranken- und Unfallkasse umfasst die obligatorische Krankenversicherung (Grundversicherung) nach dem Schweizer Krankenversicherungsgesetz (KVG). Daneben ist die Sumiswalder auch in den Bereichen Zusatzversicherungen nach dem Versicherungsvertragsgesetz (VVG) und Taggeldversicherung (Lohnausfallversicherung) nach dem KVG aktiv. Die Versicherung vertreibt sowohl eigene Produkte und tritt aber auch als Vermittler von Zusatzversicherungen beispielsweise im Bereich Zahnversicherung, Rechtsschutzversicherung, Kapitalversicherung bei Unfall und/oder Tod und Reiseversicherung von Partnergesellschaft auf. Darüber hinaus stellt die Sumiswalder auch Versicherungslösungen für Firmenkunden zur Verfügung (z. B. Kollektivverträge und obligatorische Unfallversicherungen nach dem Unfallversicherungsgesetz (UVG)).     Im Geschäftsjahr 2013 zählte die Sumiswalder insgesamt 81.201 Versicherte. Im gleichen Berichtszeitraum verzeichnete das Unternehmen Prämieneinnahmen in Höhe von 64,5 Millionen Schweizer Franken, denen Leistungszahlungen in Höhe von 49,5 Millionen Franken gegenüber standen. In der Bilanz zum Geschäftsjahr 2012 wies die Sumiswalder eine Summe von 42,4 Millionen und einen Jahresgewinn von rund 1,9 Millionen Franken aus.		N/A	7,6	7	7	8	8	8	Sehr freundlich  Guter Service	Schwer erreichbar
79	62	SUPRA-1846 SA		Groupe Mutuel	yes- surpa separat weitergeführt	Yes	Nein	yes	SUPRA-1846 SA  Rue des Cèdres 5  Case postale  1919 Martigny   Tel. 0848 848 878   info@groupmutuel.ch   www.supra.ch		groupe_mutuel.png	Die SUPRA Caisse-maladie hat ihren Sitz in Lausanne (Kanton Waadt). Sie ist organisiert als Stiftung nach Schweizer Recht. Zum Abschlussstichtag des Geschäftsjahres 2012 versicherte die SUPRA 60.498 Personen. Hauptsächlich ist die Krankenversicherung im Bereich der obligatorischen Krankenversicherung (Grundversicherung) nach dem Krankenversicherungsgesetz (KVG) tätig. Die Tochtergesellschaft Assura SA ist nach dem Konkurs der Supra Assurances SA für die Segmente Zusatz- und Unfallversicherungen zuständig.     Die Bilanz der SUPRA Caisse-maladie weist eine Summe von 237,9 Millionen Franken aus. Die Prämieneinnahmen aus der obligatorischen Krankenpflegeversicherung beliefen sich im Geschäftsjahr auf rund 189,5 Millionen Franken. Dem gegenüberstanden Ausgaben für Versicherungsleistungen in Höhe von ca. 219,9 Millionen Franken. Das Jahresergebnis der SUPRA Caisse-maladie im Geschäftsjahr belief sich auf einen negativen Betrag von ca. 4,4 Millionen Franken.		N/A	7,6	7	7	8	8	8	Sehr freundlich  Guter Service	Schwer erreichbar
8	1384	SWICA Krankenversicherung	-	-	Yes	Yes	Nein	yes	Römerstrasse 38   8401 Winterthur   Tel. 052 244 22 33   Fax 052 244 22 90   swica@swica.ch    www.swica.ch		swica.png	Die SWICA mit Sitz in Winterthur (Kanton Zürich) ist eine der führenden Kranken- und Unfallversicherer der Schweiz. Sie versicherte 2012 rund 1,2 Millionen Menschen in der gesamten Schweiz und betreute ca. 27.000 Unternehmenskunden. Die SWICA besitzt die Rechtsform einer Aktiengesellschaft nach Schweizer Recht und weist eine Holdingstruktur auf, an deren Spitze die „SWICA Holding AG“ steht. 100-prozentige Tochterfirmen der SWICA sind die „SWICA Versicherungen AG“, die „SWICA Krankenversicherung AG“, die „SWICA Gesundheitsorganisationen“, die „ProVAG Versicherungen AG“, die „PRIMA Krankenversicherungen AG“ sowie die „SWICA Management AG“, die santémed Gesundheitszentren und die „Stiftung für ein erweitertes Versicherungsangebot“.     Im Bereich der Kranke- und Unfallversicherung beschäftigte die SWICA per 31. Dezember 2012 schweizweit 1.276 Mitarbeiter und in den Gesundheitszentren noch einmal 412 Mitarbeiter. Insgesamt ist die SWICA an über 80 Standorten mit Agenturen, Generalagenturen, Regionaldirektionen, Gesundheitszentren und Partnerpraxen in der Schweiz vertreten.     In ihrer Bilanz wies die SWICA eine Summe von 2,7 Milliarden Schweizer Franken und einen Jahresgewinn von rund 42,0 Millionen Franken aus. Die Einnahmen aus Versicherungsprämien betrugen im Geschäftsjahr 2012 rund 3,2 Milliarden Franken. Dem gegenüberstanden ca. 3,0 Milliarden Franken an Versicherungsleistungen.		N/A	7,6	7	7	8	8	8	Sehr freundlich  Guter Service	Schwer erreichbar
33	57	Sympany	-	-	yes	yes	Nein	yes	Sympany  Peter Merian-Weg 4  4002 Basel  Tel. 058 262 42 00  Fax 058 262 42 02  www.sympany.ch		sympany.png	Die Sympany mit Sitz in Basel (Kanton Basel) ist eine auf Krankenversicherungen spezialisierte Schweizer Versicherungsgesellschaft. Kerngeschäfte der als Stiftung organisierten Krankenkasse sind die Grundversicherung nach dem Krankenversicherungsgesetz (KVG) und entsprechende Zusatzversicherungen. Seit 2009 bietet die Sympany außerdem Versicherungen für Gebäude, Hausrat, Motorfahrzeuge und Privathaftpflicht an.     Die Unternehmensgruppe unter dem Dach der Sympany Stiftung umfasst insgesamt drei 100-prozentige Tochtergesellschaften. Bis 2009 trat die Sympany am Markt als Versicherer unter drei Marken auf. Herzstück der Geschäftstätigkeit bildete die Marke Vivao Sympany. Sie bot Versicherungslösungen für Privatpersonen mit dem Schwerpunkt Familie, Berufstätige und Jugendliche an. Die Moove Sympany richtete sich insbesondere an aktive, sportliche und junge Menschen, während die Trust Sympany sich ausschließlich auf Versicherungslösungen für Unternehmen konzentrierte. Seit 2010 treten die drei Marken der Versicherungsgesellschaft unter der einheitlichen Marke Sympany auf.     Bis 2008 war die Sympany außerdem über ihre Maklergesellschaft „Allcons“ auch im Beratungs- und Vermittlungsgeschäft für fremde Versicherungslösungen aktiv. Bis zur Trennung von der Allcons lag das Prämienvolumen für an Dritte vermittelte Kunden bei 147 Millionen Schweizer Franken.     Mit 538 Mitarbeitern und sechs Kundenzentren versicherte die Sympany zum Abschlussstichtag 31. Dezember 2013 schweizweit 203.097 Privat- und 12.250 Geschäftskunden. Das Unternehmensergebnis 2012 fiel mit 21,6 Millionen Franken 33 Prozent besser aus als im Geschäftsjahr 2011. Die Prämieneinnahmen beliefen sich im Berichtszeitraum auf 919 Millionen Franken. Dem standen Leistungen von 781 Millionen Franken gegenüber, was einem Rückgang um acht Prozent (63 Millionen		N/A	7,6	7	7	8	8	8	Sehr freundlich  Guter Service	Schwer erreichbar
?	1402	Taggeldkasse bildende Künstler/Innen   Caisse d’indemnités journalières  pour artistes	-	-	Löschen: Taggeld ist VVG/   nicht brauchbar für Vergleich	nein	nein	nein	General Guisan-Quai 40   Postfach 4338   8022 Zürich   Tel. 01 284 31 13   Fax 01 284 47 33		-				7,6	7	7	8	8	8	Sehr freundlich  Guter Service	Schwer erreichbar
20	1555	Visana AG	-	-	yes	Yes	Ja	yes	Weltpoststrasse 19/21   Postfach 253   3000 Bern 15   Tel. 031 357 91 11   Fax 031 357 96 22   info@visana.ch   www.visana.ch		visana.png	Visana mit Sitz in Bern ist ein auf die Krankenversicherung und Unfallversicherungspezialisierter Schweizer Versicherungskonzern. Die Unternehmensgruppe zählt über 570'000 grundversicherte Personen. Insgesamt zählt sie rund 1,2 Mio. Versicherte und erzielte 2014 mit 1'290 Mitarbeitern Prämieneinnahmen von 2,9 Milliarden Schweizer Franken.  Der Konzern verfügt über eine Holdingstruktur mit der Stiftung Visana Plus als oberstes Dach der Gruppe sowie über die vier im Versicherungsbereich operativ tätigen Tochtergesellschaften Visana AG, Visana Versicherungen AG, sana24 AG und vivacare AG.  Die Visana-Gruppe gehört zu den grösseren schweizerischen Kranken- und Unfallversicherern. Sie bietet die obligatorische Krankenpflegeversicherung (OKP) nach Krankenversicherungsgesetz (KVG), Zusatz- und Sachversicherungen nach Versicherungsvertragsgesetz (VVG) und Unfallversicherungen nach Unfallversicherungsgesetz (UVG) an.  Visana versichert Privatkunden (Einzelpersonen und Familien) sowie Firmenkunden (Unternehmen, öffentliche Institutionen und Verbände). Für Letztere bietet sie Lohnausfall- und Unfallversicherungen an.		N/A	7,6	7	7	8	8	8	Sehr freundlich  Guter Service	Schwer erreichbar
82	966	vita surselva	-	-	yes	Yes	Nein	yes	Bahnhofstrasse 33   Postfach 217   7130 Ilanz   Tel. 081 925 61 60   Fax 081 925 61 73   vitasurselva@bluewin.ch   www.vitasurselva.ch		vita_surselva	Die vita surselva mit Sitz in Ilanz (Kanton Graubünden) ist eine der kleineren Schweizer Krankenversicherungsgesellschaft in Form einer Stiftung. Die Rechtsform einer Stiftung nach Schweizer Recht garantiert der vita surselva ihre Unabhängigkeit beispielsweise gegenüber Investoren und verpflichtet sie nur gegenüber ihren Kunden. Das Tätigkeitsgebiet der Krankenversicherung erstreckt sich auf die gesamte Schweiz. Das Hauptgeschäftsfeld konzentriert sich jedoch vorwiegend auf den Bezirk Sursleva und das übrige Gebiet des Kantons Graubünden.     Die Hauptgeschäftstätigkeit liegt im Bereich der obligatorischen Krankenversicherung nach dem Krankenversicherungsgesetz (KVG). Die wichtigste und engste Geschäftspartnerin ist die Rückversicherung RVK mit Sitz in Luzern. Die RVK ist eine Branchenorganisation von rund 50 kleineren und mittleren Schweizer Krankenversicherern. Die in ihr vertretenen Krankenversicherungen repräsentieren ca. 800.000 Versicherte. Der RVK ist der stärkste Rückversicherer auf dem schweizerischen Krankenversicherungsmarkt.     Die vita surselva bietet eigene Versicherungsprodukte und vermittelt auch Zusatzversicherungen nach dem Versicherungsvertragsgesetz (VVG) verschiedener Versicherungspartner. Darüber hinaus vermittelt die vita surselva auch Produkte im Bereich der Unfallversicherung nach dem Unfallversicherungsgesetz (UVG). Sie arbeitet in diesem Zusammenhang mit der Solida Versicherungen AG aus Zürich zusammen. Dadurch ist die vita surselva in der Lage, maßgeschneiderte Versicherungsprodukte und -lösungen seinen Kunden zu präsentieren.     Für Firmenkunden hält die vita surselva Kollektiv-Angebote im Bereich der obligatorischen Krankenversicherung nach dem KVG, der Unfallversicherung nach dem UVG sowie der Taggeldversicherung nach dem KVG bereit. Weiterhin gibt es Versicherungslösungen für Aushilfspersonal in landwirtschaftlichen Betrieben, Kapitalversicherung (UTI) und Schülerunfallversicherung.		N/A	7,6	7	7	8	8	8	Sehr freundlich  Guter Service	Schwer erreichbar
85	1570	Vivacare	Ein Angeobt der Visana	Visana	yes	yes	Ja	yes	Weltpoststrasse 19/21   Postfach 253   3000 Bern 15   Tel. 031 357 91 11   Fax 031 357 96 22   info@visana.ch   www.visana.ch		visana.png	Die Vivacare Krankenkasse ist ein Unternehmen von der Visana Gruppe und konnte im Jahr 2014 knapp 70’000 Versicherte aufweisen (laut BAG). Mit dem Hauptsitz in Bern bietet die vivacare AG verschiedene Krankenkassen Leistungen im Bereich Grundversicherung und Zusatzversicherung. Die Leistungen erstrecken sich für Einzelpersonen bis zu Familien und Senioren. In diesem Umfeld stützt sich diese auf alle Leistungen der Visana und somit auch für Versicherung im Bereich Hausrat, Privathaftpflicht, Gebäude, Rechtsschutz, Reise- und Auslandversicherung.		N/A	7,6	7	7	8	8	8	Sehr freundlich  Guter Service	Schwer erreichbar
?	509	Vivao Sympany AG				yes		yes	Peter Merian-Weg 4   4002 Basel   Tel. 058 262 42 00   Fax 058 262 42 02   basel.vivao@sympany.ch   www.sympany.ch		sympany.png				8,2	8	7	9	8	9	Sehr freundlich  Guter Service	Schwer erreichbar
?	1060	Wincare Versicherungen   Wincare Assurances   Wincare Assicurazioni	Ein Angebot der Sanitas	Sanitas	Für Vorversicherungs Vergleich	nein	Ja	nein	Konradstrasse 14   Postfach 299   8401 Winterthur   Tel. 044 298 63 00   Fax 044 298 62 50   info@wincare.ch    www.wincare.ch		sanitas.png	Die Sanitas Krankenversicherung mit Sitz in Zürich ist ein auf die Krankenversicherungspezialisierter Schweizer Versicherungskonzern. Die Unternehmensgruppe zählte Anfang 2014 rund 824'000 Versicherte und erzielte 2013 mit knapp 700 Mitarbeitern Prämieneinnahmen von 2,484 Milliarden Schweizer Franken. Damit finanzierte Sanitas Versicherungsleistungen in Höhe von 2,338 Milliarden Schweizer Franken.  Die Gruppe verfügt über eine Holdingstruktur und umfasst fünf operativ tätige Tochtergesellschaften, die auf den Gebieten der Grundversicherung (Sanitas, Wincare und Compact) und der Zusatzversicherungen (Sanitas und Wincare) tätig sind. Die in der Rechtsform einer Stiftung organisierte Sanitas Krankenversicherung bildet die Dachgesellschaft.  Das Kerngeschäft der Sanitas Gruppe ist die Grundversicherung nach demKrankenversicherungsgesetz, die rund 71 Prozent der gesamten Prämieneinnahmen ausmacht. Die Sparte mit den Zusatzversicherungen ist das zweite Standbein.		N/A	9	9	9	9	9	9	Sehr freundlich  Guter Service	Schwer erreichbar