_id,company,belongs_to,purchase,contract,comparison,address,conditions,image,descripion_de,description_en,reviews,gesat_rating,auskunftsqualitat,erreichbarkeit,dauer_der_ruckerstattungen,freundlichkeit,abwicklung_von_anfragen,positive ,negative
294,Agilia Krankenkasse AG,Ein Angebot der KPT CPT,0,0,0,ühlering 5\n Postfach 246\n 6102 alters\n Tel. 041 499 70 77\n Fax 041 497 11 47\n info@agilia.ch\n www.agilia.ch,,,Die KPT CPT Holding AG ist eine große Versicherung it Hauptsitz in Bern. Bei ihr sind rund 450 itarbeiter beschäftigt~~~ die circa 430.000 Versicherte betreuen. Gerade der Online-arkt wird von der Holding AG angesprochen und sie ist über ihre Internetseite 24 Stunden für ihre Kunden erreichbar. Vor alle die Buchstaben KPT stehen für eine besondere Bedeutung. K für Kopetenz~~~ P für persönlich und T für Transparenz. Diesen Grundsatz leben die itarbeiter auch täglich bei ihrer Arbeit. ,,N/A,8.2,8,7,9,8,9,Sehr freundlich\nGuter Service,Schwer erreichbar
1560,Agrisano Krankenkasse AG,,1,0,1,Laurstrasse 10\n 5201 Brugg AG\n Tel. 056 461 71 11\n Fax 056 461 71 07\n info@agrisano.ch \n www.agrisano.ch,,agrisano.png,Gegenwärtig verfügt die Agrisano Versicherung über 140 itarbeiterinnen und itarbeiter~~~ die sowohl in der Unternehenszentrale in Brugg als auch in den zahlreichen Außenstellen in der gesaten Schweiz beschäftigt sind. Durch die enge Zusaenarbeit it den übrigen Bauernverbänden des Landes weißt das Unternehen eine exponierte Stellung unter den Nischenversicherern der Alpenrepublik auf. Darüber hinaus konzentriert sich das Versicherungsunternehen vollends auf die versicherungstechnischen Bedürfnisse der von der Landwirtschaft lebenden Bevölkerung i Rahen der gesetzlichen Grund- und Krankenversicherung. Weiterhin wartet das Unternehen it zahlreichen spezialisierten Produkten~~~ wie der bäuerlichen Zusatzversicherung oder der Tagesgeldversicherung auf.,,N/A,8.2,8,7,9,8,9,Sehr freundlich\nGuter Service,Schwer erreichbar
32,Aquilana Versicherungen,,1,0,1,Bruggerstrasse 46\n 5401 Baden\n Tel. 056 203 44 44\n Fax 056 203 44 99\n info@aquilana.ch\n www.aquilana.ch,,aquilana_baden.png,Der Sitz dieses Unternehens liegt in Baden~~~ gelegen i Kanton Aargau. Die größten Einnahen resultieren für das Unternehen aus der Obligatorischen Krankenpflegeversicherung (OKP). Der Verein hat sich i Besonderen die Zufriedenheit seiner Kunden auf die Fahne geschrieben. Er ist i gesaten Schweizer Rau tätig und beschäftigt insgesat 38 itarbeiter.,,N/A,8.2,8,7,9,8,9,Sehr freundlich\nGuter Service,Schwer erreichbar
1569,Arcosana AG,Ein Angebot der CSS,1,0,1,Tribschenstrasse 21\n 6002 Luzern \n Tel. 058 277 11 11\n Fax 058 277 12 12\n info.ail@arcosana.ch\n www.arcosana.ch,,CSS_Versicherung_AG.png,Die Acrosana AG ist eine 100-prozentige Tochtergesellschaft der CSS Gruppe~~~ eines auf Krankenversicherungen spezialisierten Schweizer Versicherungskonzerns. \nUnter deren Dach befinden sich zude auch die Versicherer Arcosana~~~ Intras und Sanagate. Ende 2014 hatten rund 1~~~28 illionen Personen eine Grundversicherung bei der CSS abgeschlossen. Insgesat sind etwa 1~~~7 illionen Kunden bei der CSS versichert. Die Präieneinnahen steigen u 2~~~5 Prozent auf 5.379 rd. Franken. Dait zählt CSS zu den führenden Schweizer Kranken-~~~ Unfall- und Sachversicherern. Der in Luzern ansässige Versicherer wurde 1899 gegründet.,,N/A,7.8,7,7,8,8,9,Sehr freundlich\nGuter Service,Schwer erreichbar
1542,Assura-Basis SA,,1,0,1,Avenue C.-F. Rauz 70\n 1009 Pully\n Tel. 021 721 44 11\n Fax 021 721 46 99\n assura@assura.ch \n www.assura.ch,,assura.png,Die Assura ist in der Rechtsfor einer Stiftung organisiert. it über 700'000 Versicherten ist sie die zweitgrößte Krankenkasse der Schweiz. Sie beschäftigt in der Zentrale in Pully und ihren ittlerweile 13 Niederlassungen über 200 itarbeiter. I Jahr 2010 erzielte das Unternehen i Bereich der Grundversicherung einen Usatz von 1~~~5 rd.CHF.\nEines der Unternehensziele ist es von Anfang an~~~ die Versicherungspräien so niedrig wie öglich zu halten. Deentsprechend waren die Präien der Assura in den letzten über 35 Jahren i Durchschnitt a günstigsten.\nSeit 2011 ist das Unternehen auch in sozialen Netzwerken aktiv. Unter andere verfügt es über Profile auf Facebook~~~ Twitter und YouTube.,,N/A,8.2,8,7,9,8,9,Sehr freundlich\nGuter Service,Schwer erreichbar
312,Atupri Krankenkasse \nAtupri Caisse-aladie \nAtupri Cassa alati,,1,1,1,Zieglerstrasse 29\n 3000 Bern 65\n Tel. 031 555 09 11\n Fax 031 555 09 12\n info@atupri.ch \n www.atupri.ch,,atupri.png,Die Atupri Krankenkasse hat ihren Sitz in Bern~~~ wo sie zugleich auch ein Service Center betreibt. Daneben existieren noch Service Center in Lausanne~~~ Lugano und Luzern. In Fribourg und in Zürich sind zwei Leistungscenter der Stiftung zu finden. So ist das Unternehen auf de gesaten Schweizer arkt präsent. Gegenwärtig sind ehr als 200 itarbeiter bei der Atupri beschäftigt. Das Angebot an Serviceleistungen ufasst hauptsächlich die obligatorische Krankenpflegeversicherung (OKP). Daneben können auch noch Kollektiv- und Zusatzversicherungen abgeschlossen werden. 2012 konnte das Unternehen ein Geschäftsergebnis von 3~~~9 illionen Schweizer Franken erzielen. it ungefähr 185.000 Versicherten ist sie in der Liste der 15 größten Schweizer Krankenversicherer zu finden. ,,N/A,8.2,8,7,9,8,9,Sehr freundlich\nGuter Service,Schwer erreichbar
1565,avanex Versicherungen AG\n avenex Assurances SA\n avanex Assicurazioni SA,Ein Angebot der Helsana Gruppe,1,0,1,Helsana-Gruppe\n avanex Versicherungen AG\n Postfach\n 8081 Zürich\n Tel. 043 340 11 13\n Fax 043 340 01 11\n www.avanex.ch,,arcosa.png,Die Helsana AG it Sitz in Dübendorf ist ein auf die Krankenversicherung spezialisierter Schweizer Versicherungskonzern. it 1~~~9 illionen Versicherten und Präieneinnahen von 6 illiarden Schweizer Franken ist die Helsana-Gruppe der führende Kranken- und Unfallversicherer der Schweiz. Die Unternehensgruppe beschäftigt rund 3000 itarbeitende und ufasst fünf operativ tätige Tochtergesellschaften~~~ die auf den Gebieten der Grundversicherung~~~ der Zusatzversicherungen und der Unfallversicherungen tätig sind. Diese treten unter den Naen Helsana~~~ Progrès~~~ Sansan und Avanex als eigenständige arken a arkt auf. Das Kerngeschäft der Helsana-Gruppe bildet die Grundversicherung nach de Krankenversicherungsgesetz und generiert dait rund 70 Prozent der gesaten Präieneinnahen. Die Sparte Zusatzversicherungen bildet it 27 Prozent der Präieneinnahen das zweite Standbein. Daneben bietet die Gruppe Unternehen und Verbänden Kollektivtaggeld- und Unfallversicherungen sowie Lösungen in der beruflichen Vorsorge an.,,N/A,8.2,8,7,9,8,9,Sehr freundlich\nGuter Service,Schwer erreichbar
343,Avenir Assurance aladie SA\nAvenir Krankenversicherung AG\nAvenir Assicurazione alattia SA,Ein Angebot der Groupe utuel,1,0,1,Groupe utuel\n Avenir Assurance aladie\n Rue des Cèdres 5\n 1920 artigny\n Tel. 0848 803 111\n Fax 0848 803 112\n info@groupeutuel.ch\n www.groupeutuel.ch,,groupe_mutuel.png,Rund 1~~~2 illionen (1'190'000) Einzelversicherte sind den itgliedskrankenversicherern der Groupe utuel für die obligatorische Krankenpflegeversicherung (OKP) angeschlossen. Zählt an die Versicherten it nur einer privaten Zusatzversicherung dazu~~~ beträgt die Versichertenzahl 1~~~4 illionen. Rund 17'000 Unternehen aus allen Tätigkeitsbereichen vertrauen bei ihren Taggeldversicherungen~~~ Unfallversicherungen und der beruflichen Vorsorge voll und ganz den Versicherern der Groupe utuel. Der Usatz aller itgliedsgesellschaften übersteigt 4~~~6 illiarden Franken~~~ rund 3~~~7 illiarden staen aus de Bereich Krankenversicherung. Die Krankenversicherer der Groupe utuel bieten ufassende Lösungspakete in der obligatorischen Krankenpflegeversicherung und den Zusatzversicherungen an. Die Groupe utuel verwaltet ausserde zwei Vorsorgestiftungen: die schweizweit tätige Groupe utuel Vorsorge und die Walliser Vorsorge~~~ die auf die Unternehen i Kanton Wallis ausgerichtet ist. Die Groupe utuel Leben GV AG deckt den Bereich Lebensversicherungen ab. it ihren verschiedenen Versicherungsgesellschaften ist die Groupe utuel~~~ Association d’assureurs~~~ ein ufassendes Unternehen~~~ das Einzelpersonen sowie Unternehen it bedarfsgerechten Versicherungslösungen unterstützt.,,N/A,8.2,8,7,9,8,9,Sehr freundlich\nGuter Service,Schwer erreichbar
1179,Caisse-aladie du Personnel \ncounal de la Ville de Neuchâtel,Ein Angebot der Groupe utuel,0,0,0,Hôtel de Ville\n 2000 Neuchâtel\n Groupe utuel\n Caisse-aladie du Personnel counal de \n la Ville de Neuchâtel\n Rue du Nord 5\n 1920 artigny\n Tel. 0848 803 111\n Fax 0848 803 112\n info@groupeutuel.ch\n www.groupeutuel.ch,,,,,,7.6,7,7,8,8,8,Sehr freundlich\nGuter Service,Schwer erreichbar
1113,Caisse-aladie Vallée d’Entreont,,1,0,1,Place centrale \n Case postale 13\n 1937 Orsières\n Tel. 027 783 25 87\n Fax 027 783 30 18\n cveo@cveo.ch\n www.cveo.ch,,caisse_maladie_vallee_entremont.png,Die Krankenkasse wird von eine fünfköpfigen Verwaltungsrat geleitet~~~ de aurice Thétaz als Präsident vorsteht. Sie ist der CSS zugehörig~~~ wenn es u das Produktportfolio geht~~~ agiert aber als regionale Krankenkasse in Orsières und Ugebung. Sie positioniert sich als kundennaher und kopetenter Partner der Versicherten in der Region.\nDer Sitz der Caisse aladie de la Vallée d'Entreont liegt in Orsières; sie hat aktuell 7'950 Versicherte (Stand: 2012). Ihr Angebot ufasst sowohl die verpflichtende Krankenversicherung als auch freiwillige Zusatzversicherungen. Die Caisse aladie de la Vallée d'Entreont bietet verschiedene Rabattprograe~~~ zu Beispiel für Jugendliche~~~ an.,,N/A,8.2,8,7,9,8,9,Sehr freundlich\nGuter Service,Schwer erreichbar
820,Cassa da alsauns LUNEZIANA,,1,0,1,Postfach 41\n 7144 Vella\n Tel. 081 931 35 35\n Fax 081 936 81 66\n info@luneziana.ch,,,,,,8.2,8,7,9,8,9,Sehr freundlich\nGuter Service,Schwer erreichbar
1575,Copact Grundversicherungen AG\nCopact Assurances de base SA\nCopact Assicurazioni base SA,Ein Angebot der Sanitas,1,1,1,Jägergasse 3\n Postfach 2010\n 8021 Zürich\n Tel. 044 298 63 00\n Fax 044 298 62 50\n info@sanitas.co\n www.sanitas.co,,sanitas.png,Die Sanitas Krankenversicherung it Sitz in Zürich ist ein auf die Krankenversicherungspezialisierter Schweizer Versicherungskonzern. Die Unternehensgruppe zählte Anfang 2014 rund 824'000 Versicherte und erzielte 2013 it knapp 700 itarbeitern Präieneinnahen von 2~~~484 illiarden Schweizer Franken. Dait finanzierte Sanitas Versicherungsleistungen in Höhe von 2~~~338 illiarden Schweizer Franken.\nDie Gruppe verfügt über eine Holdingstruktur und ufasst fünf operativ tätige Tochtergesellschaften~~~ die auf den Gebieten der Grundversicherung (Sanitas~~~ Wincare und Copact) und der Zusatzversicherungen (Sanitas und Wincare) tätig sind. Die in der Rechtsfor einer Stiftung organisierte Sanitas Krankenversicherung bildet die Dachgesellschaft.\nDas Kerngeschäft der Sanitas Gruppe ist die Grundversicherung nach deKrankenversicherungsgesetz~~~ die rund 71 Prozent der gesaten Präieneinnahen ausacht. Die Sparte it den Zusatzversicherungen ist das zweite Standbein.,,N/A,7.8,7,7,8,8,9,Sehr freundlich\nGuter Service,Schwer erreichbar
290,CONCORDIA Schweiz.\nKranken- und Unfallversicherung AG,,1,0,1,Bundesplatz 15\n 6002 Luzern\n Tel. 041 228 01 11\n Fax 041 228 02 10\n info@concordia.ch \n www.concordia.ch,,concordia.png,Die Concordia Schweizerische Kranken- und Unfallversicherung AG it Sitz in Luzern ist ein auf die Krankenversicherung und Unfallversicherung spezialisierter Schweizer Versicherungskonzern. Die Unternehensgruppe zählt rund 774'000 Versicherte und erzielte 2015 it 1'200 itarbeitenden einen Usatz von 2.5 illiarden Schweizer Franken.\nDer Versicherer ist it vier Servicecentern und rund 240 Agenturen und Geschäftsstellen in der Schweiz vertreten. Zusätzlich verfügt die Concordia über eine Landesvertretung i Fürstentu Liechtenstein.\nDie Krankenversicherung it Grund- und Zusatzversicherung sowie die Unfallversicherung bilden das Kerngeschäft der Concordia-Gruppe. Es wird geführt durch die beiden Aktiengesellschaften Concordia Schweizerische Kranken- und Unfallversicherung AG und Concordia Versicherungen AG:\nDie Concordia Schweizerische Kranken- und Unfallversicherung AG führt die Krankenversicherung nach schweizerische und liechtensteinische Krankenversicherungsgesetz (KVG) sowie die Unfallversicherung nach schweizerische Unfallversicherungsgesetz (UVG) durch. Die Concordia Versicherungen AG bietet Kranken- und Unfallversicherungen sowie Lebensversicherungen nach schweizerische Versicherungsvertragsgesetz (VVG) an.\nDer Konzern verfügt über eine Holdingstruktur. Zur Holding der Concordia -Gruppe gehören neben den beiden operativ tätigen Versicherungs-Gesellschaften auch drei Stiftungen und ehrere Unternehen~~~ an denen die Concordia beteiligt ist. Darunter fallen Gesellschaften i Bereich der Unfallversicherung~~~ der edizinischen Versorgung sowie ein Hotel. Das oberste Dach der Gruppe bildet der Verein Concordia Schweizerische Kranken- und Unfallversicherung.,,N/A,8.2,8,7,9,8,9,Sehr freundlich\nGuter Service,Schwer erreichbar
8,CSS Krankenversicherung AG,,1,0,1,Tribschenstrasse 21\n Postfach 2568\n 6002 Luzern\n Tel. 058 277 11 11\n Fax 058 277 12 12\n css.info@css.ch\n www.css.ch,,CSS_Versicherung_AG.png,Die CSS Krankenkasse gehört zur CSS Holding AG. Unter deren Dach befinden sich zude auch die Versicherer Arcosana~~~ Intras und Sanagate. Ende 2014 hatten rund 1~~~28 illionen Personen eine Grundversicherung bei der CSS abgeschlossen. Insgesat sind etwa 1~~~7 illionen Kunden bei der CSS versichert. Die Präieneinnahen steigen u 2~~~5 Prozent auf 5.379 rd. Franken. Dait zählt CSS zu den führenden Schweizer Kranken-~~~ Unfall- und Sachversicherern. Der in Luzern ansässige Versicherer wurde 1899 gegründet. Betreut werden die Kunden von etwa 2.650 itarbeitern a Hauptsitz sowie in den verschiedenen Büros vor Ort.,,N/A,8.2,8,7,9,8,9,Sehr freundlich\nGuter Service,Schwer erreichbar
774,Easy Sana Assurance aladie SA\nEasy Sana Krankenversicherung AG\nEasy Sana Assicurazione alattia SA,Ein Angebot der Groupe utuel,1,0,1,Groupe utuel\n Krankenversicherung Easy Sana\n Rue des Cèdres 5\n 1920 artigny\n Tel. 0848 803 111\n Fax 0848 803 112\n info@groupeutuel.ch\n www.groupeutuel.ch,,groupe_mutuel.png,Rund 1~~~2 illionen (1'190'000) Einzelversicherte sind den itgliedskrankenversicherern der Groupe utuel für die obligatorische Krankenpflegeversicherung (OKP) angeschlossen. Zählt an die Versicherten it nur einer privaten Zusatzversicherung dazu~~~ beträgt die Versichertenzahl 1~~~4 illionen. Rund 17'000 Unternehen aus allen Tätigkeitsbereichen vertrauen bei ihren Taggeldversicherungen~~~ Unfallversicherungen und der beruflichen Vorsorge voll und ganz den Versicherern der Groupe utuel. Der Usatz aller itgliedsgesellschaften übersteigt 4~~~6 illiarden Franken~~~ rund 3~~~7 illiarden staen aus de Bereich Krankenversicherung. Die Krankenversicherer der Groupe utuel bieten ufassende Lösungspakete in der obligatorischen Krankenpflegeversicherung und den Zusatzversicherungen an. Die Groupe utuel verwaltet ausserde zwei Vorsorgestiftungen: die schweizweit tätige Groupe utuel Vorsorge und die Walliser Vorsorge~~~ die auf die Unternehen i Kanton Wallis ausgerichtet ist. Die Groupe utuel Leben GV AG deckt den Bereich Lebensversicherungen ab. it ihren verschiedenen Versicherungsgesellschaften ist die Groupe utuel~~~ Association d’assureurs~~~ ein ufassendes Unternehen~~~ das Einzelpersonen sowie Unternehen it bedarfsgerechten Versicherungslösungen unterstützt.,,N/A,8.2,8,7,9,8,9,Sehr freundlich\nGuter Service,Schwer erreichbar
881,EGK Grundversicherungen,,1,0,1,Brislachstrasse 2\n Postfach\n 4242 Laufen\n Tel. 061 765 51 11\n Fax 061 765 51 12\n info@egk.ch \n www.egk.ch,,egk.png,Die EGK-Gesundheitskasse beschäftigt aktuell 229 itarbeiter (Stand: ärz 2013) und hat ihren Sitz in Laufen i Kanton Basel-Landschaft. Der Geschäftsleiter des Unternehens ist Dr. Reto Flury~~~ der Präsident des Stiftungsrats ist seit de Jahr 2004 Alex Kuer.\nI Jahr 2013 konnte die EGK-Gesundheitskasse einen Jahresusatz von 498 io. CHF erzielen.\nDie Versicherten der EGK-Gesundheitskasse können über die gesetzliche Pflichtkrankenversicherung hinaus private Zusatzversicherungen abschließen. So gibt es die öglichkeit~~~ ehr zu bezahlen und dafür freie Arztwahl in der Schweiz bei abulanten Behandlungen zu erhalten. Auch für Auslandsaufenthalte bietet die EGK unterschiedliche Zusatzversicherungen an. Auch wer Wert darauf legt~~~ naturedizinische Behandlungen von der Krankenkasse bezahlt zu bekoen~~~ kann hierfür eine spezielle Zusatzversicherung abschließen.\nDennoch bleibt die Grundversicherung nach de Krankenversicherungsgesetz das Hauptgeschäft des Unternehens: Es nit einen Anteil von 78% der gesaten Präieneinnahen in Anspruch.,,N/A,8.2,8,7,9,8,9,Sehr freundlich\nGuter Service,Schwer erreichbar
1507,Fondation AB,Ein Angebot der Groupe utuel,0,0,0,Route de Verbier 13\n 1934 Le Châble\n Tel. 058 758 60 70\n Fax 058 758 60 89\n info@ab-assurance.ch \n www.ab-assurance.ch,,,Rund 1~~~2 illionen (1'190'000) Einzelversicherte sind den itgliedskrankenversicherern der Groupe utuel für die obligatorische Krankenpflegeversicherung (OKP) angeschlossen. Zählt an die Versicherten it nur einer privaten Zusatzversicherung dazu~~~ beträgt die Versichertenzahl 1~~~4 illionen. Rund 17'000 Unternehen aus allen Tätigkeitsbereichen vertrauen bei ihren Taggeldversicherungen~~~ Unfallversicherungen und der beruflichen Vorsorge voll und ganz den Versicherern der Groupe utuel. Der Usatz aller itgliedsgesellschaften übersteigt 4~~~6 illiarden Franken~~~ rund 3~~~7 illiarden staen aus de Bereich Krankenversicherung. Die Krankenversicherer der Groupe utuel bieten ufassende Lösungspakete in der obligatorischen Krankenpflegeversicherung und den Zusatzversicherungen an. Die Groupe utuel verwaltet ausserde zwei Vorsorgestiftungen: die schweizweit tätige Groupe utuel Vorsorge und die Walliser Vorsorge~~~ die auf die Unternehen i Kanton Wallis ausgerichtet ist. Die Groupe utuel Leben GV AG deckt den Bereich Lebensversicherungen ab. it ihren verschiedenen Versicherungsgesellschaften ist die Groupe utuel~~~ Association d’assureurs~~~ ein ufassendes Unternehen~~~ das Einzelpersonen sowie Unternehen it bedarfsgerechten Versicherungslösungen unterstützt.,,N/A,8.2,8,7,9,8,9,Sehr freundlich\nGuter Service,Schwer erreichbar
1386,GALENOS Kranken- und Unfallversicherung\nAssurance-aladie et accidents\nAssicurazione-alattia e infortuni,,1,1,1,ilitärstrasse 36\n Postfach\n 8021 Zürich\n Tel. 044 245 88 88 \n Fax 044 245 88 99\n info@galenos.ch \n www.galenos.ch,,galenos.png,Die Galenos Versicherung hat ihren Sitz in Zürich und ist in der ganzen Schweiz über ihre Internetseite telefonisch sowie per E-ail erreichbar. Da es sich u eine sehr kleine und überschaubare Versicherung handelt~~~ was von der Führung vor alle auch so gewollt ist~~~ sind auch die Verwaltungskosten gering. Dies zeigt sich auch bei den Kosten für die angebotenen Versicherungen. Zude hat es sich die Krankenversicherung zur Aufgabe geacht~~~ ihre Kunden bestöglich und kundennah zu betreuen. Daher hat sie sich auf die Kranken- und die Unfallversicherung spezialisiert und in diese Bereich werden viele verschiedene Versicherungsarten anboten. Neben der Krankengrundversicherung kann der Versicherte zwischen vielen Zusatzversicherungen~~~ zu Beispiel für Zahnersatz~~~ Unfall oder einer Reiseversicherung wählen.,,N/A,8.2,8,7,9,8,9,Sehr freundlich\nGuter Service,Schwer erreichbar
780,Genossenschaft\nGlarner Krankenversicherung,,1,0,1,Säge 5\n 8767 El\n Tel. 055 642 25 25\n Fax 055 642 25 45\n info@glkv.ch \n www.glkv.ch,,glarner_krankenversicherung.png,Heute hat die Glarner Krankenversicherung zwei Standorte in El~~~ de Hauptsitz und in Luchsingen it einer Nebenstelle. Da die Versicherung sich noch ier i Wachstu befindet~~~ werden auch ier wieder Stellen und Ausbildungsplätze angeboten. I Gebiet Glarus hat die Glarner Krankenversicherung zude einen arktanteil von 17~~~9 %~~~ ist aber auch in den Gebieten Graubünden~~~ Uri~~~ St. Gallen und Schwyz tätig. Die Glarner Versicherung hatte laut Geschäftsbericht i Jahr 2012 einen Zuwachs von 251 itgliedern und wies i gleichen Jahr einen Gewinn von CHF 781.180~~~29 auf.\nZwei Standorte it insgesat sechs itarbeitern betreuen die Krankenversicherten kundennah und persönlich. Da es sich u eine kleine Versicherungsgesellschaft handelt~~~ sind alle Kunden natürlich den itarbeitern auch bekannt. Neben der Grundversicherung bietet die Glarner Krankenversicherung auch einige interessante Zusatzversicherungen an. So kann der Versicherte sich zu Beispiel für Zusatzversicherungen für die Kosten von Brillen~~~ Zahnersatzkosten oder auch Naturheilverfahren entscheiden. Diese Kosten werden von vielen Krankenkassen gar nicht erst berücksichtigt oder übernoen. Aber die Glarner Krankenversicherung ist nicht nur eine reine Krankenkasse~~~ die die Kosten einer Behandlung übernit. Der Kunde kann sich hier auch für eine eventuelle Invalidität bedingt durch einen Unfall oder eine Krankheit versichern lassen~~~ Unternehen oder Einzelpersonen können eine Erwerbsausfall-Versicherung abschließen und bei Bedarf in Anspruch nehen. ,,N/A,8.2,8,7,9,8,9,Sehr freundlich\nGuter Service,Schwer erreichbar
246,Genossenschaft Krankenkasse Steffisburg,,1,0,1,Unterdorfstrasse 37\n Postfach\n 3612 Steffisburg\n Tel. 033 439 40 20\n Fax 033 439 40 29\n info@kkst.ch \n www.kkst.ch,,krankenkasse_setffisburg.png,Die Krankenkasse Steffisburg ist eine regional tätige Krankenkasse. Sie hat Ihren Hauptsitz~~~ wie der Nae schon sagt~~~ in Steffisburg und ist dort überwiegend regional tätig. Aber natürlich ist sie auch über zentrale Telefonnuer und den E-ail-Kontakt zu erreichen. Die Krankenkasse Steffisburg ist eine sehr kleine Versicherung it gerade al eine Geschäftsführer sowie acht itarbeitern und itarbeiterinnen. Hier ist vor alle eine persönliche Beratung der Versicherten gewährleistet. Neben der Grundversicherung sowie der Unfallversicherung bietet die Krankenkasse Steffisburg natürlich auch viele Zusatzversicherungen an~~~ zu Beispiel eine Zahnkostenversicherung oder eine Versicherung~~~ it der eventuelle Krankenhauskosten und Rettungskosten abgegolten werden. De Unternehen ist es vor alle wichtig~~~ sich gerade für die Anliegen Ihrer Versicherten stark zu achen. Dieses Konzept verfolgt sie nun seit über 150 Jahren. In de Geschäftsbericht von 2012 kann an jedoch ersehen~~~ dass der Versichertenbestand u ungefähr 21 % zu Vorjahr zurückgegangen ist. Das Jahr 2012 schloss it eine Gewinn von 689.133~~~52 CHF ab. Dies waren circa 40 % Gewinn weniger als i Vorjahr.,,N/A,7.8,7,7,8,8,9,Sehr freundlich\nGuter Service,Schwer erreichbar
1491,Gewerbliche Krankenkasse Bern,,0,0,0,Neuengasse 20\n Postfach 414\n 3000 Bern 7\n Tel. 031 310 11 11\n Fax 031 310 11 22\n gvb@gewerbebern.ch,,,,,,7.6,7,7,8,8,8,Sehr freundlich\nGuter Service,Schwer erreichbar
1562,Helsana Versicherungen AG\n Helsana Assurances SA\n Helsana Assicurazioni SA,,1,0,1,Helsana-Gruppe\n Helsana Versicherungen AG\n Postfach\n 8081 Zürich\n Tel. 043 340 11 11\n Fax 043 340 01 11\n www.helsana.ch,,Helsana.png,Die Helsana AG it Sitz in Dübendorf ist ein auf die Krankenversicherung spezialisierter Schweizer Versicherungskonzern. it 1~~~9 illionen Versicherten und Präieneinnahen von 6 illiarden Schweizer Franken ist die Helsana-Gruppe der führende Kranken- und Unfallversicherer der Schweiz. Die Unternehensgruppe beschäftigt rund 3000 itarbeitende und verfügt über ein schweizweites Netz von 22 Generalagenturen und 19 Verkaufsstellen. \nDer Konzern ufasst fünf operativ tätige Tochtergesellschaften~~~ die auf den Gebieten der Grundversicherung~~~ der Zusatzversicherungen und der Unfallversicherungen tätig sind. Diese treten unter den Naen Helsana~~~ Progrès~~~ Sansan und Avanex als eigenständige arken a arkt auf. Aerosana~~~ eine weitere ehealige Tochtergesellschaft~~~ fusionierte per 1. Januar 2011 it Progrès.\nDas Kerngeschäft der Helsana-Gruppe bildet die Grundversicherung nach deKrankenversicherungsgesetz und generiert dait rund 70 Prozent der gesaten Präieneinnahen. Die Sparte Zusatzversicherungen bildet it 27 Prozent der Präieneinnahen das zweite Standbein. Daneben bietet die Gruppe Unternehen und Verbänden Kollektivtaggeld- und Unfallversicherungen sowie Lösungen in der beruflichen Vorsorge an.,,N/A,8.2,8,7,9,8,9,Sehr freundlich\nGuter Service,Schwer erreichbar
1520,HOTELA Krankenkasse\nHOTELA Caisse aladie,,0,0,0,Rue de la Gare 18\n 1820 ontreux\n Tel. 021 962 49 49\n Fax 021 962 48 48 \n welcoe@hotela.ch\n www.hotela.ch,,,,,,7.6,7,7,8,8,8,Sehr freundlich\nGuter Service,Schwer erreichbar
1573,indivo Versicherungen AG\n indivo Assurances SA\n indivo Assicurazioni SA,Ein Produkt der Helsana,0,0,0,Helsana-Gruppe\n indivo Versicherungen AG\n Postfach\n 8081 Zürich\n Tel. 043 340 11 17\n Fax 043 340 01 17\n www.indivo.ch,,,,,,7.6,7,7,8,8,8,Sehr freundlich\nGuter Service,Schwer erreichbar
1529,INTRAS Assurancealadie SA\n INTRAS KrankenVersicherung AG\n INTRAS Assicurazione alattie SA,Ein Produkt der CSS,1,0,1,Tribschenstrasse 21\n Postfach 2568\n 6002 Luzern\n Tel. 058 277 11 11\n Fax 058 277 12 12\n css.info@css.ch\n www.css.ch,,CSS_Versicherung_AG.png,Die CSS Gruppe it Hauptsitz in Luzern ist ein auf die Krankenversicherung spezialisierter Schweizer Versicherungskonzern. it 1~~~31 illionen Versicherten in der obligatorischen Krankenpflegeversicherung ist die CSS der grösste Grundversicherer der Schweiz. Das Unternehen zählt insgesat 1~~~78 illionen Kunden~~~ weist ein jährliches Präienvoluen von CHF 5~~~09 illiarden aus~~~ beschäftigt 2529 itarbeitende und verfügt landesweit über 125 Agenturen.\nDie CSS Gruppe besteht aus sieben Gesellschaften~~~ die in der Schweiz das Versicherungsgeschäft betreiben: Die CSS Kranken-Versicherung AG~~~ die INTRAS Kranken-Versicherung AG~~~ die Arcosana AG~~~ die Auxilia Kranken-Versicherung AG und die Sanagate AG betreiben die obligatorische Krankenpflegeversicherung nach de Krankenversicherungsgesetz KVG. Sie sind de Bundesat für Gesundheit unterstellt. Die CSS Versicherung AG und die INTRAS Versicherung AG betreiben das Geschäft it Kranken-Zusatzversicherungen~~~ kollektiven Krankentaggeldversicherungen~~~ kollektiven Unfallversicherungen sowie weiteren Versicherungsprodukten (Sach und Verögen~~~ Einzelleben) nach de Versicherungsvertragsgesetz VVG. Aufsichtsbehörde ist die Eidgenössischen Finanzarktaufsicht (FINA). Die Tochtergesellschaft vivit Gesundheits AG bietet ufassende Gesundheitsdienstleistungen und -produkte an~~~ die Tochter C akler Consulting AG unterhält eine Verittlerplattfor für Versicherungen und Finanzdienstleistungen.,,N/A,8.2,8,7,9,8,9,Sehr freundlich\nGuter Service,Schwer erreichbar
1040,KKV Krankenkasse Visperterinen,,1,0,1,Wierastrasse \n 3932 Visperterinen\n Tel. 027 948 00 50\n Fax 027 948 00 51\n kkv@visperterinen.ch \n www.kkv.ch,,kkv.png,Die KKV Krankenkasse it Sitz in Visperterinen (Kanton Wallis) ist ein lokal und regional fest verankerter Kranken- und Unfallversicherer in der Region Oberwallis. Da die Krankenkasse i Vergleich zu anderen Kassen relativ klein ist~~~ steht für die KKV besonders die persönliche Beziehung zu ihren Kunden und die individuelle Beratung i Vordergrund.\n \nDurch die kostengünstigen Strukturen und geringen Verwaltungsapparat sowie de Verzicht auf ein kostspieliges Agentur- und Beraternetzwerk kann die KKV ihre Kosten relativ gering halten. Die Kostenersparnis gibt die Versicherungen in For von niedrigeren Präien an ihre Kunden weiter.\n \nZielgruppe der KKV sind Privat- und Unternehenskunden i Bereich Kranken- und Unfallversicherung. Privatkunden stehen ehrere odelle i Bereich der obligatorischen Krankenversicherung nach de Krankenversicherungsgesetz (KVG) zur Auswahl. Ergänzt wird das Angebot durch freiwillige Zusatzversicherungen nach de Versicherungsvertragsgesetz (VVG)~~~ die sowohl allgeeiner Natur sind als sich auch an spezielle Zielgruppen wenden. Unternehen bietet die KKV aßgeschneiderte (Kollektiv-)Lösungen an~~~ von denen itarbeitende und die Unternehen profitieren. Darüber hinaus hält die Krankenkasse auch Angebote für Selbstständige bereit.\n \nÜber die Internetplattfor können Versicherte jederzeit it der KKV in Kontakt treten und beispielsweise wichtige persönliche Daten ändern~~~ Rechnungen stellen oder das gewählte odell ändern.\n \nI Rahen ihrer Angebotspolitik arbeitet die KKV it verschiedenen Partnern i Bereich Zusatzversicherung und Dienstleistungen zusaen.,,N/A,8.2,8,7,9,8,9,Sehr freundlich\nGuter Service,Schwer erreichbar
829,KluG Krankenversicherung,,1,0,1,Gubelstrasse 22\n 6300 Zug\n Tel. 041 724 32 78\n Fax 041 724 20 45 \n tea.klug@klug.ch\n www.klug.ch,,klug_versicherungen.png,Die Klug Krankenversicherung ist eine kleines Unternehen~~~ das die Patienten individuell betreut~~~ dafür aber auch erstklassige Leistungen erbringen öchten. Aufgrund eines günstigen Verwaltungsapparates sieht sich die Leitung der Klug Krankenversicherung dazu istande~~~ keine zu hohen Präien von den Versicherten zu verlangen. Die Klug Krankenversicherung bietet Versicherungen für Privatpersonen~~~ Failien oder auch Unternehen~~~ die ihre itarbeiter krankenversichern öchten~~~ an. Weiterhin werden viele Zusatzversicherungen neben der Grundkrankenversicherung angeboten~~~ die sich alle u das Thea Gesundheit drehen. Hier werden zu Beispiel eine Zahnversicherung oder auch eine Spitalversicherung und vieles ehr angeboten. Die Versicherung ist vor alle über das Internet und das Telefon für ihre Versicherten erreichbar~~~ aber auch in der Filiale in Zug kann der persönliche Kontakt hergestellt werden. Doch nicht ier ist es öglich~~~ dass die Versicherten von weit her anreisen~~~ dann steht eine Telefonnuer zur Verfügung~~~ auf der der Kundenberater zu erreichen ist. Das Jahr 2012 hat die Klug Krankenversicherung it eine plus von 312.803~~~17 CHF abgeschlossen.,,N/A,8.2,8,7,9,8,9,Sehr freundlich\nGuter Service,Schwer erreichbar
1328,ku-Krankenversicherung,,1,0,1,Bachtelstrasse 5\n 8400 Winterthur\n Tel. 052 269 12 60\n Fax 052 269 12 65\n info@ku-kv.ch \n www.ku-kv.ch,,kmu_krankenversicherung.png,it nur 12 itarbeitern ist die KU ein sehr kleines Unternehen~~~ das etwa 8000 Versicherte und circa 50 Firen betreut. Dadurch kot es in der KU Krankenversicherung vor alle zu eine sehr persönlichen Kontakt zwischen Kunde und itarbeiter. Noch heute hat die KU ihren Sitz in Winterthur~~~ betreut die Kunden aber auch telefonisch und über das Internet auch an allen anderen Stand- und Wohnorten. Neben der Grundversicherung werden auch viele Zusatzversicherungen angeboten~~~ wie natürlich eine Unfallversicherung~~~ eine Zahnersatzversicherung oder auch eine Rechtsschutzversicherung für gesundheitliche Rechtsfragen. Auch Erwerbsunfall- oder Reisekrankenversicherungen können hier abgeschlossen werden. Das Jahr 2012 schloss die KU it eine Gesatgewinn von 1.250.561 CHF ab.,,N/A,8.2,8,7,9,8,9,Sehr freundlich\nGuter Service,Schwer erreichbar
762,Kolping Krankenkasse AG\n Kolping Caisse aladie SA\n Kolping Cassa alati SA,Ein Angebot der Sypany ,1,,1,Ringstrasse 16 \n Postfach 198\n 8600 Dübendorf\n Tel. 044 824 80 80\n Fax 044 824 80 99\n info@ykolping.ch\n www.ykolping.ch,,sypany.png,,,,8.2,8,7,9,8,9,Sehr freundlich\nGuter Service,Schwer erreichbar
376,KPT Krankenkasse AG\n CPT Assurance SA\n CPT Assicurazione SA,,1,0,1,Tellstrasse 18\n Postfach 8624\n 3001 Bern\n Tel. 058 310 91 11\n Fax 058 310 86 35\n kpt@kpt.ch \n www.kpt.ch,,KPT_CPT.png,Die KPT CPT Holding AG ist eine große Versicherung it Hauptsitz in Bern. Bei ihr sind rund 450 itarbeiter beschäftigt~~~ die circa 430.000 Versicherte betreuen. Gerade der Online-arkt wird von der Holding AG angesprochen und sie ist über ihre Internetseite 24 Stunden für ihre Kunden erreichbar. Vor alle die Buchstaben KPT stehen für eine besondere Bedeutung. K für Kopetenz~~~ P für persönlich und T für Transparenz. Diesen Grundsatz leben die itarbeiter auch täglich bei ihrer Arbeit. Neben der Grundversicherung und der Unfallversicherung bietet die Holding AG natürlich auch viele Zusatzversicherungen an~~~ wie eine Erwerbsausfallversicherung oder eine Internationale Krankenversicherung. Präien kann ein Kunde sparen~~~ wenn er seine gesate Kundenverbindung online abwickelt. Laut Geschäftsbericht des Jahres 2012 konnte die Holding AG ihre Versichertenzahl in den letzten Jahren ständig steigern~~~ und das Jahr it eine Usatz von 31.876.000~~~00 CHF erfolgreich abschließen. So hatte die KPT CPT Holding AG eine Usatzsteigerung i Jahr 2012 von 15~~~8 % zu Vorjahr.,,N/A,8.2,8,7,9,8,9,Sehr freundlich\nGuter Service,Schwer erreichbar
134,Kranken- und Unfallkasse\nBezirkskrankenkasse Einsiedeln,,1,,1,Hauptstrasse 61\n Postfach 57\n 8840 Einsiedeln\n Tel. 055 412 23 18\n Fax 055 412 88 34\n bezirkskrankenkasse@sihlnet.ch\n www.kkeinsiedeln.ch,,krankenkasse_einsiedeln.png,,,,8.2,8,7,9,8,9,Sehr freundlich\nGuter Service,Schwer erreichbar
1540,Krankengeldversicherung für \nitarbeiter der fenaco\nitgliedgenossenschaften (KGV),,0,0,0,Postfach 344\n 8401 Winterthur\n Tel. 052 264 23 20 (21)\n Fax 052 213 67 93,,,,,,7.6,7,7,8,8,8,Sehr freundlich\nGuter Service,Schwer erreichbar
1322,Krankenkasse Bircheier,,1,0,1,Hauptstrasse 22\n 5444 Künten\n Tel. 056 485 60 40\n Fax 056 485 60 45\n info@kkbircheier.ch\n www.kkbircheier.ch,,krankenkasse_bircher.png,Heute bietet die Kasse ihren Versicherten ein ganzheitliches und attraktives Leistungsangebot. Personen~~~ die i Kanton Aargau wohnen~~~ können je nach persönlichen Wünschen und Bedürfnissen Bausteine einer Grundversicherung~~~ Zusatzversicherungen (abulant)~~~ Spitalversicherungen (stationär)~~~ Zahnversicherungen~~~ Patientenrechtsschutzversicherungen~~~ Risikokapitalversicherung~~~ Ferien- und Reiseversicherung und der Klassiker Taggeldversicherung angeboten werden. Engagierte und gut ausgebildeten itarbeiter der Krankenversicherung Bircheier legen Wert auf eine hohe Beratungs- und Dienstleistungsqualität gegenüber den Versicherten. ittlerweile hat die Krankenversicherung Bircheier rund 10.000 itglieder. Die Bilanzsue leigt bei ca. 17~~~5 io. CHF (2012).,,N/A,8.2,8,7,9,8,9,Sehr freundlich\nGuter Service,Schwer erreichbar
1142,Krankenkasse Institut Ingenbohl,,0,0,0,6440 Brunnen\n Tel. 041 825 22 37\n Fax 041 825 22 66\n krankenkasse@kloster-ingenbohl.ch,,,,,,7.6,7,7,8,8,8,Sehr freundlich\nGuter Service,Schwer erreichbar
360,Krankenkasse Luzerner Hinterland,,1,0,1,Luzernstrasse 19\n 6144 Zell\n Tel. 041 989 70 00\n Fax 041 989 70 01\n info@kklh.ch \n www.kklh.ch,,luzerner_hinterland.png,Die Luzerner Hinterland Krankenversicherung betreut it neun itarbeitern und zwei Auszubildenden die ihre Versicherten von ihre Sitz Zell (Kanton Luzern) aus. Aufgrund der itgliederzahl von etwa 21.000 gehört sie zu den kleineren Krankenversicherungen in der Schweiz~~~ betreut aber trotz des Hauptaugenerks auf die Region Luzern und Luzerner Landschaft weitere zehn Kantone. Doch genau das spiegelt auch den Leitspruch "Qualität statt Wachstu" der KKLH wider. Die Luzerner Hinterland Krankenversicherung ist neben de persönlichen  ihre Geschäftssitz auch gut über das Internet oder einen zentralen Telefonanschluss erreichbar. Neben der Grundversicherung bietet die Krankenversicherung natürlich auch viele Zusatzversicherungen i Sinne von KVG und VVG an. So werden hier unter andere eventuelle Folgeschäden von Unfällen~~~ utterschaften und Krankheiten versichert. Aber auch Zahnersatzversicherungen~~~ Reise- und Auslandsversicherungen oder Spitalversicherungen können hier zusätzlich abgeschlossen werden. Laut Geschäftsbericht der KKLH steigerte sich der itgliederbestand vo Jahr 1990 it gerade al 4000 auf i Jahr 2012 ca. 21.000 Versicherte. Gerade in den letzten 10 Jahren stieg diese Zahl rasant an. I Jahr 2012 achte die Krankenversicherung zude einen Gewinn von 1.901.466 CHF und schloss soit it eine Eigenkapital von 32.888.203 CHF. I Vorjahr waren dies hingegen "nur" 30.147.567 CHF.,,N/A,7.8,7,7,8,8,9,Sehr freundlich\nGuter Service,Schwer erreichbar
1522,Krankenkasse Schweizerischer etallbaufiren,,0,0,0,Dielsdorferstrasse 1\n Postfach 56\n 8173 Neerach\n Tel. 01 321 55 30\n Fax 01 321 55 52,,,,,,7.6,7,7,8,8,8,Sehr freundlich\nGuter Service,Schwer erreichbar
1362,Krankenkasse Siplon,,0,0,0,3907 Siplon-Dorf\n Tel. 027 979 14 39 \n Fax 027 979 14 39\n kk.siplondorf@rhone.ch,,,,,,7.6,7,7,8,8,8,Sehr freundlich\nGuter Service,Schwer erreichbar
923,Krankenkasse SLKK,,1,0,1,Hofwiesenstrasse 370\n Postfach 5652\n 8050 Zürich\n Tel. 044 368 70 30\n Fax 044 368 70 47\n info@slkk.ch\n www.slkk.ch,,slkk.png,Beide Versicherungen haben ihren Hauptsitz in Zürich~~~ in de das gesate Versicherungsgeschäft abgewickelt wird. Die Versicherungen sind vor alle über das Internet für ihre Versicherten zu erreichen~~~ doch auf Wunsch der Kunden koen gerne auch die akler und Verittler der Versicherung zu den Versicherten nach Hause. Dies uss einfach nur auf der Webseite der Versicherung von den Kunden angegeben werden. Neben der Grund- und der Unfallversicherung nach KVG bietet die Krankenversicherung SLKK natürlich auch viele Zusatzversicherungen nach VVG an~~~ die die Versicherten nicht nur einzeln sondern auch in vielen verschiedenen Paketen abschließen können. So werden hier auch Zusatzversicherungen für Naturheilverfahren~~~ für edikaente~~~ für Sehhilfen oder für Zahnersatz angeboten. Die Krankenversicherung ist in der gesaten deutschsprachigen Schweiz tätig~~~ wohingegen sich das Tätigkeitsgebiet der SLKK Versicherungen über die gesate Schweiz~~~ also auch die italienische und die französische~~~ erstreckt. Die Krankenversicherung schloss das Jahr 2012 it eine Gewinn von 841.000~~~00 CHF ab~~~ dies war doppelt so viel wie i Vorjahr. Die SLKK Versicherungen hingegen schaffte i Jahr 2012 einen Reingewinn von 834.721~~~31 CHF.,,N/A,7.6,7,7,8,8,8,Sehr freundlich\nGuter Service,Schwer erreichbar
1331,Krankenkasse Stoffel,,0,0,0,Bahnhofstrasse 63\n 8887 els\n Tel. 081 723 56 09\n Fax 081 723 76 55\n info@kkstoffel.ch\n www.kkstoffel.ch,,,Die als Verein organisierte Krankenkasse Stoffel it Sitz in els (Kanton St. Gallen) ist eine noch recht junge und lokal fest verankerte Schweizer Versicherungsgesellschaft it de Schwerpunkt auf Kranken- und Zusatzversicherungen. I Bereich der obligatorischen Krankenpflegeversicherung (Grundversicherung) und der Taggeldversicherung nach de KVG gewährt die Krankenkasse Stoffel ihren itgliedern~~~ beruhend auf de Grundsatz der Gegenseitigkeit~~~ Versicherungsschutz gegen die wirtschaftlichen Folgen von Krankheit~~~ utterschaft und Unfall. Seit de 01. Januar 1997 bietet die Krankenkasse darüber hinaus Zusatzversicherungen geäß de Versicherungsvertragsgesetz (VVG) ebenfalls zu Schutz gegen die wirtschaftlichen Folgen von Krankheit~~~ utterschaft und Unfall. Die Zusatzversicherungen der Krankenkasse Stoffel bilden dait eine Ergänzung des Grundversicherungsangebots.\n \nDie Krankenkasse Stoffel verfügt über eine Niederlassung in els. Darüber hinaus stellt sie auf ihrer Internetplattfor ein ufangreiches Download-Portal zur Verfügung~~~ wo sich Interessierte über die Versicherungsprodukte- und -dienstleistungen inforieren können.\n \nI Rahen der Versicherungspräien bietet die Krankenkasse Stoffel ihren itgliedern ehrere öglichkeiten~~~ den Präienbetrag zu reduzieren~~~ beispielsweise durch eine höher wählbare Franchise bei der obligatorischen Krankenversicherung. Darüber hinaus gibt es auch einen Präienrabatt~~~ wenn der Versicherte über seinen Arbeitgeber gegen Unfallrisiken versichert ist. Und auch i Rahen der freiwilligen Zusatzversicherung hält die Krankenkasse entsprechende Angebote wie den Failienrabatt (ab zwei oder ab drei Personen) bereit.\n \nDie Krankenkasse Stoffel versicherte zu Bilanzstichtag 31. Dezeber 2012 in der obligatorischen Krankenversicherung insgesat 1.678~~~ i wählbaren Franchise 646 und i Hausarztsyste 823 Personen. I Bestand der Zusatzversicherungen befanden sich 2.020 Policen. Träger der Zusatzversicherungen ist die Helsana Zusatzversicherungen AG. Die Präieneinnahen zu Bilanzstichtag 2012 beliefen sich auf rund 3~~~9 illionen Schweizer Franken. De gegenüber standen Aufwendungen für Versicherungsleistungen in Höhe von ca. 3~~~6 illionen Schweizer Franken.,,,7.6,7,7,8,8,8,Sehr freundlich\nGuter Service,Schwer erreichbar
1147,Krankenkasse Turbenthal,,0,0,0,Tösstalstrasse 147\n 8488 Turbenthal\n Tel. 052 385 33 65,,,,,,7.6,7,7,8,8,8,Sehr freundlich\nGuter Service,Schwer erreichbar
1003,Krankenkasse Zeneggen,,0,0,0,Neue Scheune\n 3934 Zeneggen\n Tel. 027 946 67 08\n Fax 027 946 45 64\n kkz@rhone.ch,,,,,,8.2,8,7,9,8,9,Sehr freundlich\nGuter Service,Schwer erreichbar
558,Krankenversicherung Flaachtal AG,Neur nur noch Ökk => Produkt nicht\nehr für Kunde abschliessbar,1,0,1,Bahnhofstrasse 22\n Postfach 454\n 8180 Bülach\n Tel. 058 456 17 60\n Fax 058 456 17 61\n info@kv-flaachtal.ch\n www.kv-flaachtal.ch,,okk.png,Die Stiftung ÖKK hat ihren Sitz in Landquart (Kanton Graubünden) und ist ein Schweizer Versicherungsunternehen it einer Holdingstruktur. Der Versicherer hat vor alle i Kanton Graubünden einen hohen arktanteil (50 Prozent~~~ Stand 2013). Darüber hinaus ist das Unternehen aber auch schweizweit tätig. Heute koen bereits 40 Prozent aller Versicherten aus Regionen außerhalb des Kantons Graubünden – Tendenz steigend.\n \nDie ÖKK versicherte zu Abschlussstichtag 31. Dezeber 2012 rund 167.000 enschen und 14.700 Unternehen. Das Unternehen beschäftigt ca. 370 itarbeiter in 38 Agenturen~~~ die sich auf neun verschiedene Kantone it Schwerpunkt Graubünden verteilen.\n \nDas Angebot der Stiftung ÖKK erstreckt sich auf Versicherungslösungen aus den Bereichen Krankheit~~~ Unfall~~~ Erwerbsausfall und berufliche Vorsorge. In Zusaenarbeit it verschiedenen Partnerfiren werden auch Lebens-~~~ Haftpflicht- und Sachversicherungen über die ÖKK vertrieben.\n \nDie Bruttopräieneinnahen aus den unterschiedlichen Geschäftsbereichen bezifferte der Versicherer i Geschäftsjahr 2012 it rund 592~~~5 illionen Schweizer Franken. In der Bilanz der ÖKK wurde zu Abschlussstichtag 31. Dezeber 2012 eine Sue von 426~~~2 illionen Franken ausgewiesen. Der Jahresgewinn belief sich auf 11~~~8 illionen Franken.,,N/A,8.2,8,7,9,8,9,Sehr freundlich\nGuter Service,Schwer erreichbar
1574,axi.ch Versicherungen AG\naxi.ch Assurances SA\naxi.ch Assicurazioni SA,Ein Angebot der Helsana Gruppe,0,0,0,Helsana-Gruppe\n axi.ch Versicherungen AG\n Postfach\n 8081 Zürich\n Tel. 043 340 11 16\n Fax 043 340 01 16\n www.axi.ch,,,,,,7.6,7,7,8,8,8,Sehr freundlich\nGuter Service,Schwer erreichbar
57,oove Sypany AG,,1,0,1,Jupiterstrasse 15\n Postfach 234\n 3000 Bern 15\n Tel. 031 940 28 28\n Fax 031 940 28 29\n info.oove@sypany.ch\n www.ooveSypany.ch,,sypany.png,Die Sypany it Sitz in Basel (Kanton Basel) ist eine auf Krankenversicherungen spezialisierte Schweizer Versicherungsgesellschaft. Kerngeschäfte der als Stiftung organisierten Krankenkasse sind die Grundversicherung nach de Krankenversicherungsgesetz (KVG) und entsprechende Zusatzversicherungen. Seit 2009 bietet die Sypany außerde Versicherungen für Gebäude~~~ Hausrat~~~ otorfahrzeuge und Privathaftpflicht an.\n \nDie Unternehensgruppe unter de Dach der Sypany Stiftung ufasst insgesat drei 100-prozentige Tochtergesellschaften. Bis 2009 trat die Sypany a arkt als Versicherer unter drei arken auf. Herzstück der Geschäftstätigkeit bildete die arke Vivao Sypany. Sie bot Versicherungslösungen für Privatpersonen it de Schwerpunkt Failie~~~ Berufstätige und Jugendliche an. Die oove Sypany richtete sich insbesondere an aktive~~~ sportliche und junge enschen~~~ während die Trust Sypany sich ausschließlich auf Versicherungslösungen für Unternehen konzentrierte. Seit 2010 treten die drei arken der Versicherungsgesellschaft unter der einheitlichen arke Sypany auf.\n \nBis 2008 war die Sypany außerde über ihre aklergesellschaft „Allcons“ auch i Beratungs- und Verittlungsgeschäft für frede Versicherungslösungen aktiv. Bis zur Trennung von der Allcons lag das Präienvoluen für an Dritte verittelte Kunden bei 147 illionen Schweizer Franken.\n \nit 538 itarbeitern und sechs Kundenzentren versicherte die Sypany zu Abschlussstichtag 31. Dezeber 2013 schweizweit 203.097 Privat- und 12.250 Geschäftskunden. Das Unternehensergebnis 2012 fiel it 21~~~6 illionen Franken 33 Prozent besser aus als i Geschäftsjahr 2011. Die Präieneinnahen beliefen sich i Berichtszeitrau auf 919 illionen Franken. De standen Leistungen von 781 illionen Franken gegenüber~~~ was eine Rückgang u acht Prozent (63 illionen ,,N/A,7.6,7,7,8,8,8,Sehr freundlich\nGuter Service,Schwer erreichbar
1479,utuel Assurance aladie SA\nutuel Krankenversicherung AG\nutuel Assicurazione alattia SA,Group utuel,1,0,1,Groupe utuel\n utuel Assurances\n Rue des Cèdres 5\n 1920 artigny\n Tel. 0848 803 111\n Fax 0848 803 112\n info@groupeutuel.ch\n www.groupeutuel.ch,,groupe_mutuel.png,Rund 1~~~2 illionen (1'190'000) Einzelversicherte sind den itgliedskrankenversicherern der Groupe utuel für die obligatorische Krankenpflegeversicherung (OKP) angeschlossen. Zählt an die Versicherten it nur einer privaten Zusatzversicherung dazu~~~ beträgt die Versichertenzahl 1~~~4 illionen. Rund 17'000 Unternehen aus allen Tätigkeitsbereichen vertrauen bei ihren Taggeldversicherungen~~~ Unfallversicherungen und der beruflichen Vorsorge voll und ganz den Versicherern der Groupe utuel. Der Usatz aller itgliedsgesellschaften übersteigt 4~~~6 illiarden Franken~~~ rund 3~~~7 illiarden staen aus de Bereich Krankenversicherung. Die Krankenversicherer der Groupe utuel bieten ufassende Lösungspakete in der obligatorischen Krankenpflegeversicherung und den Zusatzversicherungen an. Die Groupe utuel verwaltet ausserde zwei Vorsorgestiftungen: die schweizweit tätige Groupe utuel Vorsorge und die Walliser Vorsorge~~~ die auf die Unternehen i Kanton Wallis ausgerichtet ist. Die Groupe utuel Leben GV AG deckt den Bereich Lebensversicherungen ab. it ihren verschiedenen Versicherungsgesellschaften ist die Groupe utuel~~~ Association d’assureurs~~~ ein ufassendes Unternehen~~~ das Einzelpersonen sowie Unternehen it bedarfsgerechten Versicherungslösungen unterstützt.,,N/A,8.2,8,7,9,8,9,Sehr freundlich\nGuter Service,Schwer erreichbar
455,ÖKK Kranken- und\nUnfallversicherungen AG,,1,0,1,Bahnhofstrasse 9\n 7302 Landquart\n Tel. 058 456 10 10\n Fax 058 456 10 11\n info@oekk.ch \n www.oekk.ch,,okk.png,Die Stiftung ÖKK hat ihren Sitz in Landquart (Kanton Graubünden) und ist ein Schweizer Versicherungsunternehen it einer Holdingstruktur. Der Versicherer hat vor alle i Kanton Graubünden einen hohen arktanteil (50 Prozent~~~ Stand 2013). Darüber hinaus ist das Unternehen aber auch schweizweit tätig. Heute koen bereits 40 Prozent aller Versicherten aus Regionen außerhalb des Kantons Graubünden – Tendenz steigend.\n \nDie ÖKK versicherte zu Abschlussstichtag 31. Dezeber 2012 rund 167.000 enschen und 14.700 Unternehen. Das Unternehen beschäftigt ca. 370 itarbeiter in 38 Agenturen~~~ die sich auf neun verschiedene Kantone it Schwerpunkt Graubünden verteilen.\n \nDas Angebot der Stiftung ÖKK erstreckt sich auf Versicherungslösungen aus den Bereichen Krankheit~~~ Unfall~~~ Erwerbsausfall und berufliche Vorsorge. In Zusaenarbeit it verschiedenen Partnerfiren werden auch Lebens-~~~ Haftpflicht- und Sachversicherungen über die ÖKK vertrieben.\n \nDie Bruttopräieneinnahen aus den unterschiedlichen Geschäftsbereichen bezifferte der Versicherer i Geschäftsjahr 2012 it rund 592~~~5 illionen Schweizer Franken. In der Bilanz der ÖKK wurde zu Abschlussstichtag 31. Dezeber 2012 eine Sue von 426~~~2 illionen Franken ausgewiesen. Der Jahresgewinn belief sich auf 11~~~8 illionen Franken.,,N/A,7.8,7,7,8,8,9,Sehr freundlich\nGuter Service,Schwer erreichbar
1535,Philos Assurance aladie SA\nPhilos Krankenversicherung AG\nPhilos Assicurazione alattia SA,Ein Produkt der Groupe utuel,1,0,1,Groupe utuel\n Philos Caisse aladie-accident\n Rue des Cèdres 5\n 1920 artigny\n Tel. 0848 803 111\n Fax 0848 803 112\n info@groupeutuel.ch\n www.groupeutuel.ch,,groupe_mutuel.png,Rund 1~~~2 illionen (1'190'000) Einzelversicherte sind den itgliedskrankenversicherern der Groupe utuel für die obligatorische Krankenpflegeversicherung (OKP) angeschlossen. Zählt an die Versicherten it nur einer privaten Zusatzversicherung dazu~~~ beträgt die Versichertenzahl 1~~~4 illionen. Rund 17'000 Unternehen aus allen Tätigkeitsbereichen vertrauen bei ihren Taggeldversicherungen~~~ Unfallversicherungen und der beruflichen Vorsorge voll und ganz den Versicherern der Groupe utuel. Der Usatz aller itgliedsgesellschaften übersteigt 4~~~6 illiarden Franken~~~ rund 3~~~7 illiarden staen aus de Bereich Krankenversicherung. Die Krankenversicherer der Groupe utuel bieten ufassende Lösungspakete in der obligatorischen Krankenpflegeversicherung und den Zusatzversicherungen an. Die Groupe utuel verwaltet ausserde zwei Vorsorgestiftungen: die schweizweit tätige Groupe utuel Vorsorge und die Walliser Vorsorge~~~ die auf die Unternehen i Kanton Wallis ausgerichtet ist. Die Groupe utuel Leben GV AG deckt den Bereich Lebensversicherungen ab. it ihren verschiedenen Versicherungsgesellschaften ist die Groupe utuel~~~ Association d’assureurs~~~ ein ufassendes Unternehen~~~ das Einzelpersonen sowie Unternehen it bedarfsgerechten Versicherungslösungen unterstützt.,,N/A,8.2,8,7,9,8,9,Sehr freundlich\nGuter Service,Schwer erreichbar
994,Progrès Versicherungen AG\n Progrès Assurances SA\n Progrès Assicurazioni SA,Ein Produkt der Helsana,1,0,1,Helsana-Gruppe\n Progrès Versicherungen AG\n Postfach\n 8081 Zürich\n Tel. 043 340 11 12\n Fax 043 340 01 11\n www.progres.ch,,Helsana.png,Die Helsana AG it Sitz in Dübendorf ist ein auf die Krankenversicherung spezialisierter Schweizer Versicherungskonzern. it 1~~~9 illionen Versicherten und Präieneinnahen von 6 illiarden Schweizer Franken ist die Helsana-Gruppe der führende Kranken- und Unfallversicherer der Schweiz. Die Unternehensgruppe beschäftigt rund 3000 itarbeitende und verfügt über ein schweizweites Netz von 22 Generalagenturen und 19 Verkaufsstellen. \nDer Konzern ufasst fünf operativ tätige Tochtergesellschaften~~~ die auf den Gebieten der Grundversicherung~~~ der Zusatzversicherungen und der Unfallversicherungen tätig sind. Diese treten unter den Naen Helsana~~~ Progrès~~~ Sansan und Avanex als eigenständige arken a arkt auf. Aerosana~~~ eine weitere ehealige Tochtergesellschaft~~~ fusionierte per 1. Januar 2011 it Progrès.\nDas Kerngeschäft der Helsana-Gruppe bildet die Grundversicherung nach deKrankenversicherungsgesetz und generiert dait rund 70 Prozent der gesaten Präieneinnahen. Die Sparte Zusatzversicherungen bildet it 27 Prozent der Präieneinnahen das zweite Standbein. Daneben bietet die Gruppe Unternehen und Verbänden Kollektivtaggeld- und Unfallversicherungen sowie Lösungen in der beruflichen Vorsorge an.,,N/A,8.2,8,7,9,8,9,Sehr freundlich\nGuter Service,Schwer erreichbar
182,PROVITA Gesundheitsversicherung AG\n PROVITA assurance santé SA,Ein Angebot der SWICA ,1,0,1,Brunngasse 4\n Postfach\n 8401 Winterthur\n Tel. 052 260 02 02\n Fax 052 260 02 03\n info@provita.ch \n www.provita.ch,,Swica.png,Die Provita Holding AG – vorals Sulzer-Krankenkasse – it Sitz in Winterthur (Kanton Zürich) ist eine auf Krankenversicherungen spezialisierte Schweizer Versicherungsgesellschaft. Kerngeschäft der Versicherung ist die Grundversicherung nach de Krankenversicherungsgesetz (KVG) und Zusatzversicherungen.\n \nDer Konzern verfügt über eine Holdingstruktur und ufasst zwei operativ tätige Tochtergesellschaften. Die kopletten Aktien der Provita Holding AG werden vo Verein Provita Grundversicherung gehalten. Für die Durchführung der Kranken- und Unfallversicherung nach de KVG ist die Provita Grundversicherung AG zuständig. Für die Durchführung der Zusatzversicherungen geäß de Versicherungsvertragsgesetz (VVG) ist die Provag Versicherungen AG zuständig~~~ die 2011 jedoch  an die SWICA Holding verkauft wurde. Das Hauptgeschäft acht der Konzern it der Grundversicherung nach de KVG. Der Anteil an den gesaten Präieneinnahen betrug bis 2011 gut 85 Prozent.\n \nZu 31. Dezeber 2012 versicherte die Provita 57.157 Personen~~~ was eine Plus zu Vorjahreszeitrau von 4~~~9 Prozent entsprach. Der Konzern beschäftigte in diese Berichtszeitrau 61 itarbeiter sowie drei Lernende. In der Bilanz weist die Provita eine Sue von 76~~~0 illionen Schweizer Franken aus. Der gesate Präienertrag belief sich in 2012 auf 156~~~1 illionen Franken~~~ was eine Anstieg zu Geschäftsjahr 2011 von 6~~~1 Prozent (169~~~6 illionen Franken) entsprach. Aufgrund eines Anstiegs der Leistungen u 4~~~3 Prozent (176~~~8 illionen Franken)~~~ erzielte die Provita 2012 einen negativen Jahresgewinn von 4~~~4 illionen Franken.,,N/A,7.8,7,7,8,8,9,Sehr freundlich\nGuter Service,Schwer erreichbar
1423,Publisana Krankenkasse AG,Ein Angebot der KPT CPT,1,0,1,Tellstrasse 18\n Postfach 8624\n 3001 Bern\n Tel. 058 310 91 11\n Fax 058 310 86 35\n kpt@kpt.ch \n www.kpt.ch,,KPT_CPT.png,Die KPT CPT Holding AG ist eine große Versicherung it Hauptsitz in Bern. Bei ihr sind rund 450 itarbeiter beschäftigt~~~ die circa 430.000 Versicherte betreuen. Gerade der Online-arkt wird von der Holding AG angesprochen und sie ist über ihre Internetseite 24 Stunden für ihre Kunden erreichbar. Vor alle die Buchstaben KPT stehen für eine besondere Bedeutung. K für Kopetenz~~~ P für persönlich und T für Transparenz. Diesen Grundsatz leben die itarbeiter auch täglich bei ihrer Arbeit. Neben der Grundversicherung und der Unfallversicherung bietet die Holding AG natürlich auch viele Zusatzversicherungen an~~~ wie eine Erwerbsausfallversicherung oder eine Internationale Krankenversicherung. Präien kann ein Kunde sparen~~~ wenn er seine gesate Kundenverbindung online abwickelt. Laut Geschäftsbericht des Jahres 2012 konnte die Holding AG ihre Versichertenzahl in den letzten Jahren ständig steigern~~~ und das Jahr it eine Usatz von 31.876.000~~~00 CHF erfolgreich abschließen. So hatte die KPT CPT Holding AG eine Usatzsteigerung i Jahr 2012 von 15~~~8 % zu Vorjahr.,,N/A,8.2,8,7,9,8,9,Sehr freundlich\nGuter Service,Schwer erreichbar
1401,rhenusana,,1,0,1,Heinrich-Wild-Strasse 210\n Postfach\n 9435 Heerbrugg\n Tel. 071 727 88 00\n Fax 071 727 88 99\n info@rhenusana.ch\n www.rhenusana.ch,,rhenusana.png,Die Rhenusana ist eine regional festverankerte Schweizer Versicherungsgesellschaft it Sitz in Heerbrugg (Kanton St. Gallen) und einer weiteren Niederlassung in Oberriet. Organisiert ist die Rhenusana als Verein. Haupttätigkeitsschwerpunkt der Rhenusana ist das Geschäft it der obligatorischen Grundversicherung~~~ Zusatzversicherungen und verschiedenen alternativen Versicherungsodellen (z. B. Hausarztsyste~~~ saned24). I Bereich der Zusatzversicherungen bietet die Rheunsana ein ufangreiches Angebot an Versicherungsprodukten an. Neben Privatkunden richtet sich die Versicherung auch an Unternehen und offeriert entsprechende Versicherungsdienstleistungen zur Absicherung der itarbeitenden des Unternehens.\n \nDie Rhenusana ist itglied i Verband der kleinen und ittleren Krankenversicherer (RVK). Sie besonders fest verankert i St. Galler Rheintal und richtet sich daher vorwiegend an die Bevölkerung und Wirtschaft der Ostschweiz.\n \nIn ihrer Bilanz 2011 weist das Unternehen eine Sue von 25~~~2 illionen Schweizer Franken aus. Der Jahresgewinn der Versicherung betrug i Berichtszeitrau 8.349~~~66 Franken. Die Einnahen aus Versicherungspräien betrugen über 37~~~9 illionen Franken~~~ was eine Zuwachs von 8~~~4 Prozent gegenüber de Vorjahr entsprach. De gegenüber stand zu Abschlussstichtag 31. Dezeber 2011 ein Versicherungsaufwand von rund 35~~~1 illionen Franken.,,N/A,7.8,7,7,8,8,9,Sehr freundlich\nGuter Service,Schwer erreichbar
1568,sana24 AG,Ein Angebot der Visana ,1,0,1,Weltpoststrasse 19/21\n Postfach 253\n 3000 Bern 15\n Tel. 031 357 91 11\n Fax 031 357 96 22\n info@visana.ch\n www.visana.ch,,visana.png,Visana it Sitz in Bern ist ein auf die Krankenversicherung und Unfallversicherungspezialisierter Schweizer Versicherungskonzern. Die Unternehensgruppe zählt über 570'000 grundversicherte Personen. Insgesat zählt sie rund 1~~~2 io. Versicherte und erzielte 2014 it 1'290 itarbeitern Präieneinnahen von 2~~~9 illiarden Schweizer Franken.\nDer Konzern verfügt über eine Holdingstruktur it der Stiftung Visana Plus als oberstes Dach der Gruppe sowie über die vier i Versicherungsbereich operativ tätigen Tochtergesellschaften Visana AG~~~ Visana Versicherungen AG~~~ sana24 AG und vivacare AG.\nDie Visana-Gruppe gehört zu den grösseren schweizerischen Kranken- und Unfallversicherern. Sie bietet die obligatorische Krankenpflegeversicherung (OKP) nach Krankenversicherungsgesetz (KVG)~~~ Zusatz- und Sachversicherungen nach Versicherungsvertragsgesetz (VVG) und Unfallversicherungen nach Unfallversicherungsgesetz (UVG) an.\nVisana versichert Privatkunden (Einzelpersonen und Failien) sowie Firenkunden (Unternehen~~~ öffentliche Institutionen und Verbände). Für Letztere bietet sie Lohnausfall- und Unfallversicherungen an.,,N/A,7.8,7,7,8,8,9,Sehr freundlich\nGuter Service,Schwer erreichbar
1577,Sanagate AG,Ein Angebot der CSS,1,0,1,Tribschenstrasse 21\n Postfach 2568\n 6002 Luzern\n Tel. 0800 347 358\n Fax 058 911 80 33\n office.de@sanagate.ch\n www.sanagate.ch,,CSS_Versicherung_AG.png,Die Sanagate AG ist eine 100-prozentige Tochtergesellschaft der CSS Gruppe~~~ eines auf Krankenversicherungen spezialisierten Schweizer Versicherungskonzerns. Sitz der Sanagate ist Luzern (Kanton Luzern)~~~ wo auch der CSS Konzern seinen Sitz hat.\n \nAls Online- und Direktversicherer verzichtet die Sanagate AG koplett auf Zweigstellen oder ein ausgebautes Filial- oder Beraternetz. Vor diese Hintergrund zeichnet sich der Direktversicherer durch eine schlanke Struktur und Verwaltung~~~ keine Saelrechnungen~~~ kein kostenintensives Agenturnetz etc. aus. Die Kostenersparnisse~~~ die die Krankenversicherung dadurch erzielen kann~~~ gibt sie an ihre Kunden in For von langfristig günstigen Präien weiter. Versicherte üssen dabei nicht auf Leistungen oder ähnliches verzichten. Die Sanagate AG bietet ihren Versicherten die gleichen Leistungen einer gesetzlichen Krankenversicherung und offeriert darüber hinaus weitere attraktive Zusatzangebote.\n \nEckpfeiler der Strategie der Sanagate sind schlanke Strukturen~~~ einfach und übersichtliche Versicherungsprodukte i Rahen der obligatorischen Krankenversicherung nach de KVG sowie eine hohe Eigenverantwortung der Versicherten. Dadurch werden nachhaltig günstige Präien eröglicht. Die Sanagate AG stellt eine innovative Reaktion auf die Entwicklungen des Schweizer Gesundheitswesens dar. Sie bietet ein übersichtliches Produktportfolio und stellt in der Grundversicherung it der ordentlichen Grundversicherung und der Hausarztversicherung zwei Varianten den Versicherten zur Auswahl. I Bereich der Zusatzversicherung bietet die Sanagate AG fünf weitere Versicherungen~~~ die das Angebot koplettieren (Abulantversicherung~~~ Spitalversicherung~~~ Alternativversicherung~~~ Zahnpflegeversicherung und Versicherung bei Tod oder Invalidität durch Unfall).\n \nDie CSS Gruppe gehört it einer Versichertenzahl per 31. Dezeber 2012 von über 1~~~2 illionen Versicherten zu den führenden Schweizer Krankenversicherungen. Von den 1~~~2 illionen Versicherten entfallen 49.445 Versicherte (ca. vier Prozent) auf die Sanagate AG. I Vergleichszeitrau 2011 versicherte die Sanagate dagegen nur 30.285 enschen.,,N/A,7.8,7,7,8,8,9,Sehr freundlich\nGuter Service,Schwer erreichbar
901,sanavals Gesundheitskasse,,1,0,1,Haus ISIS\n Postfach 18\n 7132 Vals\n Tel. 081 935 11 44\n Fax 081 936 90 28\n info@sanavals.ch\n www.sanavals.ch,,sanavals.png,Die Sanavals Gesundheitskasse ist eine sehr kleine Krankenversicherung~~~ die gerade al circa 2460 Versicherte i Kanton Graubünden it drei itarbeitern betreut. Das Jahr 2012 schloss die Krankenversicherung it eine fast doppelt so guten Ergebnis zu Vorjahr ab und erzielte hier i Jahr 2012 ein Jahresergebnis von 1.129.524~~~17 CHF. Neben der Grundversicherung und der Unfallversicherung bietet die Sanavals Gesundheitskasse natürlich auch einige Zusatzversicherungen nach VVG an~~~ wie zu Beispiel Versicherungen gegen Invalidität auf Grund von Unfall oder Krankheit~~~ Zahnschutzversicherungen oder aber Spitalgeldversicherungen und viele ehr. Die Sanavals Gesundheitskasse hat ihren Hauptsitz in Vals~~~ an de die itarbeiter persönlich angetroffen werden können~~~ sowie eine Internetseite~~~ über die die Kunden ebenfalls it den itarbeitern in Kontakt treten können. Natürlich sind die Angestellten der Gesundheitskasse zu den Geschäftsöffnungszeiten auch über das Telefon erreichbar. ,,N/A,7.8,7,7,8,8,9,Sehr freundlich\nGuter Service,Schwer erreichbar
1509,Sanitas Grundversicherungen AG,,1,1,1,Jägergasse 3\n Postfach 2010\n 8021 Zürich\n Tel. 044 298 63 00\n Fax 044 298 62 50\n info@sanitas.co\n www.sanitas.co,,sanitas.png,Die Sanitas Krankenversicherung it Sitz in Zürich ist ein auf die Krankenversicherungspezialisierter Schweizer Versicherungskonzern. Die Unternehensgruppe zählte Anfang 2014 rund 824'000 Versicherte und erzielte 2013 it knapp 700 itarbeitern Präieneinnahen von 2~~~484 illiarden Schweizer Franken. Dait finanzierte Sanitas Versicherungsleistungen in Höhe von 2~~~338 illiarden Schweizer Franken.\nDie Gruppe verfügt über eine Holdingstruktur und ufasst fünf operativ tätige Tochtergesellschaften~~~ die auf den Gebieten der Grundversicherung (Sanitas~~~ Wincare und Copact) und der Zusatzversicherungen (Sanitas und Wincare) tätig sind. Die in der Rechtsfor einer Stiftung organisierte Sanitas Krankenversicherung bildet die Dachgesellschaft.\nDas Kerngeschäft der Sanitas Gruppe ist die Grundversicherung nach deKrankenversicherungsgesetz~~~ die rund 71 Prozent der gesaten Präieneinnahen ausacht. Die Sparte it den Zusatzversicherungen ist das zweite Standbein.,,N/A,7.8,7,7,8,8,9,Sehr freundlich\nGuter Service,Schwer erreichbar
1566,sansan Versicherungen AG\n sansan Assurances SA\n sansan Assicurazioni SA,Ein Angebot der Helsana Gruppe,1,0,1,Helsana-Gruppe\n sansan Versicherungen AG\n Postfach\n 8081 Zürich\n Tel. 043 340 11 14\n Fax 043 340 01 11\n www.sansan.ch,,Helsana.png,Die Helsana AG it Sitz in Dübendorf ist ein auf die Krankenversicherung spezialisierter Schweizer Versicherungskonzern. it 1~~~9 illionen Versicherten und Präieneinnahen von 6 illiarden Schweizer Franken ist die Helsana-Gruppe der führende Kranken- und Unfallversicherer der Schweiz. Die Unternehensgruppe beschäftigt rund 3000 itarbeitende und verfügt über ein schweizweites Netz von 22 Generalagenturen und 19 Verkaufsstellen. \nDer Konzern ufasst fünf operativ tätige Tochtergesellschaften~~~ die auf den Gebieten der Grundversicherung~~~ der Zusatzversicherungen und der Unfallversicherungen tätig sind. Diese treten unter den Naen Helsana~~~ Progrès~~~ Sansan und Avanex als eigenständige arken a arkt auf. Aerosana~~~ eine weitere ehealige Tochtergesellschaft~~~ fusionierte per 1. Januar 2011 it Progrès.\nDas Kerngeschäft der Helsana-Gruppe bildet die Grundversicherung nach deKrankenversicherungsgesetz und generiert dait rund 70 Prozent der gesaten Präieneinnahen. Die Sparte Zusatzversicherungen bildet it 27 Prozent der Präieneinnahen das zweite Standbein. Daneben bietet die Gruppe Unternehen und Verbänden Kollektivtaggeld- und Unfallversicherungen sowie Lösungen in der beruflichen Vorsorge an.,,N/A,7.6,7,7,8,8,8,Sehr freundlich\nGuter Service,Schwer erreichbar
941,sodalis gesundheitsgruppe,Note : bieten nicht überall KVG an,0,0,0,Balfrinstrasse 15\n 3930 Visp\n Tel. 027 948 14 00 \n Fax 027 948 14 04\n info@sodalis.ch \n www.sodalis.ch,,sodalis_gesundheitsgruppe_logo.png,,,,8.2,8,7,9,8,9,Sehr freundlich\nGuter Service,Schwer erreichbar
1318,Stiftung Krankenkasse Wädenswil,,1,0,1,Schönenbergstrasse 28\n 8820 Wädenswil\n Tel. 044 780 74 00\n Fax 044 780 87 33\n www.kkwaedenswil.ch,,krankenkasse_wadenswil.png,Die Krankenkasse Wädenswil liegt direkt a Zürichsee-Ufer und wird von fünf itarbeitern geführt. Da es sich u ein kleines Tea i Versicherungsunternehen handelt~~~ ist es überaus flexibel. Insbesondere innovative Produkte werden in der Schweiz ier gern gesehen. Auch wenn das Unternehen für die ganze Schweiz und international arbeitet~~~ kennt jeder itarbeiter jeden Kunden und entscheidet i Zweifelfall kulant. Kurze Wege und übersichtliche Strukturen optiieren den Arbeitsablauf. Der Standort befindet sich direkt in Wädenswill~~~ so dass die Nähe zu den Versicherten jederzeit gegeben ist. Die Geschäftsbereiche der Versicherung erstrecken sich auf Krankheitskapital~~~ Auslandsversicherungen~~~ Unfallkapital und zahlreiche Zusatzversicherungen. Dazu gehören die Heilkostenzusatzversicherung~~~ die Taggeldversicherung~~~ die Spitalversicherung und die Zahnflegeversicherung. Hinzu kot die Verittlung von der Hausarztversicherung~~~ wobei die unterschiedlchen Kantone bedacht werden üssen. Aargau~~~ Schwyz und Zürich gehören dazu. Das Geschäftsjahr 2012 war ein Erfolg~~~ denn die Krankenkasse Wädenswil konnte ihren Bestand weiterhin erweitern.Insgesat schließt der Bericht it 643 793.94 Franken ab.,,N/A,7.8,7,7,8,8,9,Sehr freundlich\nGuter Service,Schwer erreichbar
194,Suiswalder Krankenkasse,,1,0,1,Spitalstrasse 47\n 3454 Suiswald\n Tel. 034 432 30 60\n Fax 034 432 30 61\n info@suiswalder.ch \n www.suiswalder.ch,,sumiswalder.png,Die Suiswalder Kranken- und Unfallkasse it Sitz in Suiswald (Kanton Bern) ist die älteste Krankenkasse der Schweiz. Sie wurde 1823 in der Rechtsfor eines Vereins gegründet und hat diese bis heute beibehalten. Die Suiswalder ist vor alle in der Deutschschweiz it Schwerpunkt i Kanton Bern und den angrenzenden Kantonen aktiv. Sie beschäftigt 34 itarbeiter sowie einen Lernenden a Stasitz in Suiswald.\n \nDas Kerngeschäft der Suiswalder Kranken- und Unfallkasse ufasst die obligatorische Krankenversicherung (Grundversicherung) nach de Schweizer Krankenversicherungsgesetz (KVG). Daneben ist die Suiswalder auch in den Bereichen Zusatzversicherungen nach de Versicherungsvertragsgesetz (VVG) und Taggeldversicherung (Lohnausfallversicherung) nach de KVG aktiv. Die Versicherung vertreibt sowohl eigene Produkte und tritt aber auch als Verittler von Zusatzversicherungen beispielsweise i Bereich Zahnversicherung~~~ Rechtsschutzversicherung~~~ Kapitalversicherung bei Unfall und/oder Tod und Reiseversicherung von Partnergesellschaft auf. Darüber hinaus stellt die Suiswalder auch Versicherungslösungen für Firenkunden zur Verfügung (z. B. Kollektivverträge und obligatorische Unfallversicherungen nach de Unfallversicherungsgesetz (UVG)).\n \nI Geschäftsjahr 2013 zählte die Suiswalder insgesat 81.201 Versicherte. I gleichen Berichtszeitrau verzeichnete das Unternehen Präieneinnahen in Höhe von 64~~~5 illionen Schweizer Franken~~~ denen Leistungszahlungen in Höhe von 49~~~5 illionen Franken gegenüber standen. In der Bilanz zu Geschäftsjahr 2012 wies die Suiswalder eine Sue von 42~~~4 illionen und einen Jahresgewinn von rund 1~~~9 illionen Franken aus.,,N/A,7.6,7,7,8,8,8,Sehr freundlich\nGuter Service,Schwer erreichbar
62,SUPRA-1846 SA,Ein Angebot der Groupe utuel,1,0,1,Chein des Plaines 2\n Case postale 190\n 1000 Lausanne 3\n Tel. 0848 848 878\n Fax 021 614 54 50\n info@supra.ch\n www.supra.ch,,groupe_mutuel.png,Die SUPRA Caisse-aladie hat ihren Sitz in Lausanne (Kanton Waadt). Sie ist organisiert als Stiftung nach Schweizer Recht. Zu Abschlussstichtag des Geschäftsjahres 2012 versicherte die SUPRA 60.498 Personen. Hauptsächlich ist die Krankenversicherung i Bereich der obligatorischen Krankenversicherung (Grundversicherung) nach de Krankenversicherungsgesetz (KVG) tätig. Die Tochtergesellschaft Assura SA ist nach de Konkurs der Supra Assurances SA für die Segente Zusatz- und Unfallversicherungen zuständig.\n \nDie Bilanz der SUPRA Caisse-aladie weist eine Sue von 237~~~9 illionen Franken aus. Die Präieneinnahen aus der obligatorischen Krankenpflegeversicherung beliefen sich i Geschäftsjahr auf rund 189~~~5 illionen Franken. De gegenüberstanden Ausgaben für Versicherungsleistungen in Höhe von ca. 219~~~9 illionen Franken. Das Jahresergebnis der SUPRA Caisse-aladie i Geschäftsjahr belief sich auf einen negativen Betrag von ca. 4~~~4 illionen Franken.,,N/A,7.6,7,7,8,8,8,Sehr freundlich\nGuter Service,Schwer erreichbar
1384,SWICA Krankenversicherung,,1,0,1,Röerstrasse 38\n 8401 Winterthur\n Tel. 052 244 22 33\n Fax 052 244 22 90\n swica@swica.ch \n www.swica.ch,,Swica.png,Die SWICA it Sitz in Winterthur (Kanton Zürich) ist eine der führenden Kranken- und Unfallversicherer der Schweiz. Sie versicherte 2012 rund 1~~~2 illionen enschen in der gesaten Schweiz und betreute ca. 27.000 Unternehenskunden. Die SWICA besitzt die Rechtsfor einer Aktiengesellschaft nach Schweizer Recht und weist eine Holdingstruktur auf~~~ an deren Spitze die „SWICA Holding AG“ steht. 100-prozentige Tochterfiren der SWICA sind die „SWICA Versicherungen AG“~~~ die „SWICA Krankenversicherung AG“~~~ die „SWICA Gesundheitsorganisationen“~~~ die „ProVAG Versicherungen AG“~~~ die „PRIA Krankenversicherungen AG“ sowie die „SWICA anageent AG“~~~ die santéed Gesundheitszentren und die „Stiftung für ein erweitertes Versicherungsangebot“.\n \nI Bereich der Kranke- und Unfallversicherung beschäftigte die SWICA per 31. Dezeber 2012 schweizweit 1.276 itarbeiter und in den Gesundheitszentren noch einal 412 itarbeiter. Insgesat ist die SWICA an über 80 Standorten it Agenturen~~~ Generalagenturen~~~ Regionaldirektionen~~~ Gesundheitszentren und Partnerpraxen in der Schweiz vertreten.\n \nIn ihrer Bilanz wies die SWICA eine Sue von 2~~~7 illiarden Schweizer Franken und einen Jahresgewinn von rund 42~~~0 illionen Franken aus. Die Einnahen aus Versicherungspräien betrugen i Geschäftsjahr 2012 rund 3~~~2 illiarden Franken. De gegenüberstanden ca. 3~~~0 illiarden Franken an Versicherungsleistungen.,,N/A,7.6,7,7,8,8,8,Sehr freundlich\nGuter Service,Schwer erreichbar
1402,Taggeldkasse bildende Künstler/Innen\n Caisse d’indenités journalières\npour artistes,,0,0,0,General Guisan-Quai 40\n Postfach 4338\n 8022 Zürich\n Tel. 01 284 31 13\n Fax 01 284 47 33,,,,,,7.6,7,7,8,8,8,Sehr freundlich\nGuter Service,Schwer erreichbar
1555,Visana AG,,1,1,1,Weltpoststrasse 19/21\n Postfach 253\n 3000 Bern 15\n Tel. 031 357 91 11\n Fax 031 357 96 22\n info@visana.ch\n www.visana.ch,,visana.png,Visana it Sitz in Bern ist ein auf die Krankenversicherung und Unfallversicherungspezialisierter Schweizer Versicherungskonzern. Die Unternehensgruppe zählt über 570'000 grundversicherte Personen. Insgesat zählt sie rund 1~~~2 io. Versicherte und erzielte 2014 it 1'290 itarbeitern Präieneinnahen von 2~~~9 illiarden Schweizer Franken.\nDer Konzern verfügt über eine Holdingstruktur it der Stiftung Visana Plus als oberstes Dach der Gruppe sowie über die vier i Versicherungsbereich operativ tätigen Tochtergesellschaften Visana AG~~~ Visana Versicherungen AG~~~ sana24 AG und vivacare AG.\nDie Visana-Gruppe gehört zu den grösseren schweizerischen Kranken- und Unfallversicherern. Sie bietet die obligatorische Krankenpflegeversicherung (OKP) nach Krankenversicherungsgesetz (KVG)~~~ Zusatz- und Sachversicherungen nach Versicherungsvertragsgesetz (VVG) und Unfallversicherungen nach Unfallversicherungsgesetz (UVG) an.\nVisana versichert Privatkunden (Einzelpersonen und Failien) sowie Firenkunden (Unternehen~~~ öffentliche Institutionen und Verbände). Für Letztere bietet sie Lohnausfall- und Unfallversicherungen an.,,N/A,7.6,7,7,8,8,8,Sehr freundlich\nGuter Service,Schwer erreichbar
966,vita surselva,,1,0,1,Bahnhofstrasse 33\n Postfach 217\n 7130 Ilanz\n Tel. 081 925 61 60\n Fax 081 925 61 73\n vitasurselva@bluewin.ch\n www.vitasurselva.ch,,vita_surselva.png,Die vita surselva it Sitz in Ilanz (Kanton Graubünden) ist eine der kleineren Schweizer Krankenversicherungsgesellschaft in For einer Stiftung. Die Rechtsfor einer Stiftung nach Schweizer Recht garantiert der vita surselva ihre Unabhängigkeit beispielsweise gegenüber Investoren und verpflichtet sie nur gegenüber ihren Kunden. Das Tätigkeitsgebiet der Krankenversicherung erstreckt sich auf die gesate Schweiz. Das Hauptgeschäftsfeld konzentriert sich jedoch vorwiegend auf den Bezirk Sursleva und das übrige Gebiet des Kantons Graubünden.\n \nDie Hauptgeschäftstätigkeit liegt i Bereich der obligatorischen Krankenversicherung nach de Krankenversicherungsgesetz (KVG). Die wichtigste und engste Geschäftspartnerin ist die Rückversicherung RVK it Sitz in Luzern. Die RVK ist eine Branchenorganisation von rund 50 kleineren und ittleren Schweizer Krankenversicherern. Die in ihr vertretenen Krankenversicherungen repräsentieren ca. 800.000 Versicherte. Der RVK ist der stärkste Rückversicherer auf de schweizerischen Krankenversicherungsarkt.\n \nDie vita surselva bietet eigene Versicherungsprodukte und verittelt auch Zusatzversicherungen nach de Versicherungsvertragsgesetz (VVG) verschiedener Versicherungspartner. Darüber hinaus verittelt die vita surselva auch Produkte i Bereich der Unfallversicherung nach de Unfallversicherungsgesetz (UVG). Sie arbeitet in diese Zusaenhang it der Solida Versicherungen AG aus Zürich zusaen. Dadurch ist die vita surselva in der Lage~~~ aßgeschneiderte Versicherungsprodukte und -lösungen seinen Kunden zu präsentieren.\n \nFür Firenkunden hält die vita surselva Kollektiv-Angebote i Bereich der obligatorischen Krankenversicherung nach de KVG~~~ der Unfallversicherung nach de UVG sowie der Taggeldversicherung nach de KVG bereit. Weiterhin gibt es Versicherungslösungen für Aushilfspersonal in landwirtschaftlichen Betrieben~~~ Kapitalversicherung (UTI) und Schülerunfallversicherung.,,N/A,7.6,7,7,8,8,8,Sehr freundlich\nGuter Service,Schwer erreichbar
1570,vivacare AG,Ein Angeobt der Visana,1,1,1,Weltpoststrasse 19/21\n Postfach 253\n 3000 Bern 15\n Tel. 031 357 91 11\n Fax 031 357 96 22\n info@visana.ch\n www.visana.ch,,visana.png,Die Vivacare Krankenkasse ist ein Unternehen von der Visana Gruppe und konnte i Jahr 2014 knapp 70’000 Versicherte aufweisen (laut BAG). it de Hauptsitz in Bern bietet die vivacare AG verschiedene Krankenkassen Leistungen i Bereich Grundversicherung und Zusatzversicherung. Die Leistungen erstrecken sich für Einzelpersonen bis zu Failien und Senioren. In diese Ufeld stützt sich diese auf alle Leistungen der Visana und soit auch für Versicherung i Bereich Hausrat~~~ Privathaftpflicht~~~ Gebäude~~~ Rechtsschutz~~~ Reise- und Auslandversicherung.,,N/A,7.6,7,7,8,8,8,Sehr freundlich\nGuter Service,Schwer erreichbar
509,Vivao Sypany AG,,1,,1,Peter erian-Weg 4\n 4002 Basel\n Tel. 058 262 42 00\n Fax 058 262 42 02\n basel.vivao@sypany.ch\n www.sypany.ch,,sypany.png,,,,8.2,8,7,9,8,9,Sehr freundlich\nGuter Service,Schwer erreichbar
1060,Wincare Versicherungen\n Wincare Assurances\n Wincare Assicurazioni,Ein Angebot der Sanitas,1,1,1,Konradstrasse 14\n Postfach 299\n 8401 Winterthur\n Tel. 044 298 63 00\n Fax 044 298 62 50\n info@wincare.ch \n www.wincare.ch,,sanitas.png,Die Sanitas Krankenversicherung it Sitz in Zürich ist ein auf die Krankenversicherungspezialisierter Schweizer Versicherungskonzern. Die Unternehensgruppe zählte Anfang 2014 rund 824'000 Versicherte und erzielte 2013 it knapp 700 itarbeitern Präieneinnahen von 2~~~484 illiarden Schweizer Franken. Dait finanzierte Sanitas Versicherungsleistungen in Höhe von 2~~~338 illiarden Schweizer Franken.\nDie Gruppe verfügt über eine Holdingstruktur und ufasst fünf operativ tätige Tochtergesellschaften~~~ die auf den Gebieten der Grundversicherung (Sanitas~~~ Wincare und Copact) und der Zusatzversicherungen (Sanitas und Wincare) tätig sind. Die in der Rechtsfor einer Stiftung organisierte Sanitas Krankenversicherung bildet die Dachgesellschaft.\nDas Kerngeschäft der Sanitas Gruppe ist die Grundversicherung nach deKrankenversicherungsgesetz~~~ die rund 71 Prozent der gesaten Präieneinnahen ausacht. Die Sparte it den Zusatzversicherungen ist das zweite Standbein.,,N/A,7.8,7,7,8,8,9,Sehr freundlich\nGuter Service,Schwer erreichbar
