ID - KNIP	ID - BAG	Company	Abreviation	belongs to	Motherhouse	Can be purchased	contract	Can be used for comparison	Adr.	Policy Conditions	Image	descripion_de	description_en	Reviews	Gesammt Note	Tage bis Rückerstattung	Geschwindigkeit Rückerstattung	Kundenzufriedenheit	Knip Kollaboration	positive 	negative	E-mail for insurance application
56	1560	Agrisano Krankenkasse AG	Agrisano	-		Yes	Nein	yes	Agrisano Krankenkasse AG\nLaurstrasse 10\n 5201 Brugg AG\n Tel. 056 461 71 11\n Fax 056 461 71 07\n info@agrisano.ch \n www.agrisano.ch		agrisano.png	Gegenwärtig verfügt die Agrisano Versicherung über 140 Mitarbeiterinnen und Mitarbeiter, die sowohl in der Unternehmenszentrale in Brugg als auch in den zahlreichen Außenstellen in der gesamten Schweiz beschäftigt sind. Durch die enge Zusammenarbeit mit den übrigen Bauernverbänden des Landes weißt das Unternehmen eine exponierte Stellung unter den Nischenversicherern der Alpenrepublik auf. Darüber hinaus konzentriert sich das Versicherungsunternehmen vollends auf die versicherungstechnischen Bedürfnisse der von der Landwirtschaft lebenden Bevölkerung im Rahmen der gesetzlichen Grund- und Krankenversicherung. Weiterhin wartet das Unternehmen mit zahlreichen spezialisierten Produkten, wie der bäuerlichen Zusatzversicherung oder der Tagesgeldversicherung auf.			n.v.	3	6	n.v.	n.v.	n.v.		info@agrisano.ch 
48	32	Aquilana Versicherungen	Aquilana	-		Yes 	Nein	yes	Aquilana Versicherungen\nBruggerstrasse 46\n 5401 Baden\n Tel. 056 203 44 44\n Fax 056 203 44 99\n info@aquilana.ch\n www.aquilana.ch		aquilana_baden.png	Der Sitz dieses Unternehmens liegt in Baden, gelegen im Kanton Aargau. Die größten Einnahmen resultieren für das Unternehmen aus der Obligatorischen Krankenpflegeversicherung (OKP). Der Verein hat sich im Besonderen die Zufriedenheit seiner Kunden auf die Fahne geschrieben. Er ist im gesamten Schweizer Raum tätig und beschäftigt insgesamt 38 Mitarbeiter.			n.v.	4	6	n.v.	n.v.	n.v.		info@aquilana.ch
47	1569	Arcosana AG	Arcosana	Ein Angebot der CSS	CSS Versicherung AG	yes	Nein	yes	Tribschenstrasse 21\n6002 Luzern\nTel. 058 277 11 11\nFax 058 277 12 12\ninfo.mail@arcosana.ch\nwww.arcosana.ch		css_Versicherungen_ag	Die Acrosana AG ist eine 100-prozentige Tochtergesellschaft der CSS Gruppe, eines auf Krankenversicherungen spezialisierten Schweizer Versicherungskonzerns. \nUnter deren Dach befinden sich zudem auch die Versicherer Arcosana, Intras und Sanagate. Ende 2014 hatten rund 1,28 Millionen Personen eine Grundversicherung bei der CSS abgeschlossen. Insgesamt sind etwa 1,7 Millionen Kunden bei der CSS versichert. Die Prämieneinnahmen steigen um 2,5 Prozent auf 5.379 Mrd. Franken. Damit zählt CSS zu den führenden Schweizer Kranken-, Unfall- und Sachversicherern. Der in Luzern ansässige Versicherer wurde 1899 gegründet. \n			4.8	8	5	5.3	4	Kurze Rückerstattungszeit\nHohe Kundenzufriedenheit		info.mail@arcosana.ch
6	312	Atupri	Atupri	-		Yes	Yes	yes	Zieglerstrasse 29\n 3000 Bern 65\n Tel. 031 555 09 11\n Fax 031 555 09 12\n info@atupri.ch \n www.atupri.ch		atupri.png	Die Atupri Krankenkasse hat ihren Sitz in Bern, wo sie zugleich auch ein Service Center betreibt. Daneben existieren noch Service Center in Lausanne, Lugano und Luzern. In Fribourg und in Zürich sind zwei Leistungscenter der Stiftung zu finden. So ist das Unternehmen auf dem gesamten Schweizer Markt präsent. Gegenwärtig sind mehr als 200 Mitarbeiter bei der Atupri beschäftigt. Das Angebot an Serviceleistungen umfasst hauptsächlich die obligatorische Krankenpflegeversicherung (OKP). Daneben können auch noch Kollektiv- und Zusatzversicherungen abgeschlossen werden. 2012 konnte das Unternehmen ein Geschäftsergebnis von 3,9 Millionen Schweizer Franken erzielen. Mit ungefähr 185.000 Versicherten ist sie in der Liste der 15 größten Schweizer Krankenversicherer zu finden. 			5.6	3	6	5.2	5.5	Sehr kurze Rückerstattungszeit\nHohe Kundenzufriedenheit		info@atupri.ch 
62	1386	GALENOS Kranken- und Unfallversicherung\n 	Galenos	-	-	Yes	Yes	yes	Militärstrasse 36\n Postfach\n 8021 Zürich\n Tel. 044 245 88 88 \n Fax 044 245 88 99\n info@galenos.ch \n www.galenos.ch		galenos.png	Die Galenos Versicherung hat ihren Sitz in Zürich und ist in der ganzen Schweiz über ihre Internetseite telefonisch sowie per E-Mail erreichbar. Da es sich um eine sehr kleine und überschaubare Versicherung handelt, was von der Führung vor allem auch so gewollt ist, sind auch die Verwaltungskosten gering. Dies zeigt sich auch bei den Kosten für die angebotenen Versicherungen. Zudem hat es sich die Krankenversicherung zur Aufgabe gemacht, ihre Kunden bestmöglich und kundennah zu betreuen. Daher hat sie sich auf die Kranken- und die Unfallversicherung spezialisiert und in diesem Bereich werden viele verschiedene Versicherungsarten anboten. Neben der Krankengrundversicherung kann der Versicherte zwischen vielen Zusatzversicherungen, zum Beispiel für Zahnersatz, Unfall oder einer Reiseversicherung wählen.			5.0	12	4.5	5.0	5.5	Hohe Kundenzufriedenheit		info@galenos.ch 
53	343	Avenir	Avenir	Ein Angebot der Groupe Mutuel	Groupe Mutuel	Yes	Nein	yes	Groupe Mutuel\n Avenir Assurance Maladie\n Rue des Cèdres 5\n 1920 Martigny\n Tel. 0848 803 111\n Fax 0848 803 112\n info@groupemutuel.ch\n www.groupemutuel.ch		groupe_mutuel.png	Rund 1,2 Millionen (1'190'000) Einzelversicherte sind den Mitgliedskrankenversicherern der Groupe Mutuel für die obligatorische Krankenpflegeversicherung (OKP) angeschlossen. Zählt man die Versicherten mit nur einer privaten Zusatzversicherung dazu, beträgt die Versichertenzahl 1,4 Millionen. Rund 17'000 Unternehmen aus allen Tätigkeitsbereichen vertrauen bei ihren Taggeldversicherungen, Unfallversicherungen und der beruflichen Vorsorge voll und ganz den Versicherern der Groupe Mutuel. Der Umsatz aller Mitgliedsgesellschaften übersteigt 4,6 Milliarden Franken, rund 3,7 Milliarden stammen aus dem Bereich Krankenversicherung. Die Krankenversicherer der Groupe Mutuel bieten umfassende Lösungspakete in der obligatorischen Krankenpflegeversicherung und den Zusatzversicherungen an. Die Groupe Mutuel verwaltet ausserdem zwei Vorsorgestiftungen: die schweizweit tätige Groupe Mutuel Vorsorge und die Walliser Vorsorge, die auf die Unternehmen im Kanton Wallis ausgerichtet ist. Die Groupe Mutuel Leben GMV AG deckt den Bereich Lebensversicherungen ab. Mit ihren verschiedenen Versicherungsgesellschaften ist die Groupe Mutuel, Association d’assureurs, ein umfassendes Unternehmen, das Einzelpersonen sowie Unternehmen mit bedarfsgerechten Versicherungslösungen unterstützt.			4.5	11	4.5	5.0	4		Solvenzquote nicht ausreichend (BAG)	info@groupemutuel.ch
60	1113	Caisse-maladie Vallée d’Entremont	CMVE	-		Yes	Nein	yes	Place centrale \n Case postale 13\n 1937 Orsières\n Tel. 027 783 25 87\n Fax 027 783 30 18\n cmveo@cmveo.ch\n www.cmveo.ch		caisse_maladie_vallee_entremont	Die Krankenkasse wird von einem fünfköpfigen Verwaltungsrat geleitet, dem Maurice Thétaz als Präsident vorsteht. Sie ist der CSS zugehörig, wenn es um das Produktportfolio geht, agiert aber als regionale Krankenkasse in Orsières und Umgebung. Sie positioniert sich als kundennaher und kompetenter Partner der Versicherten in der Region.\nDer Sitz der Caisse Maladie de la Vallée d'Entremont liegt in Orsières; sie hat aktuell 7'950 Versicherte (Stand: 2012). Ihr Angebot umfasst sowohl die verpflichtende Krankenversicherung als auch freiwillige Zusatzversicherungen. Die Caisse Maladie de la Vallée d'Entremont bietet verschiedene Rabattprogramme, zum Beispiel für Jugendliche, an.			n.v.	8	5.5	n.v.	n.v.	n.v.		cmveo@cmveo.ch
3304	820	Cassa da malsauns LUMNEZIANA	Lumeziana			Yes	Nein	yes	Postfach 41\n 7144 Vella\n Tel. 081 931 35 35\n Fax 081 936 81 66\n info@lumneziana.ch		no image	-			n.v.	17	4	n.v.	n.v.	n.v.		info@lumneziana.ch
3311	1575	Compact Grundversicherungen AG	Compact	Ein Angebot der Sanitas	Sanitas	yes	Yes	yes	Jägergasse 3\n Postfach 2010\n 8021 Zürich\n Tel. 044 298 63 00\n Fax 044 298 62 50\n info@sanitas.com\n www.sanitas.com		sanitas.png	Die Sanitas Krankenversicherung mit Sitz in Zürich ist ein auf die Krankenversicherungspezialisierter Schweizer Versicherungskonzern. Die Unternehmensgruppe zählte Anfang 2014 rund 824'000 Versicherte und erzielte 2013 mit knapp 700 Mitarbeitern Prämieneinnahmen von 2,484 Milliarden Schweizer Franken. Damit finanzierte Sanitas Versicherungsleistungen in Höhe von 2,338 Milliarden Schweizer Franken.\nDie Gruppe verfügt über eine Holdingstruktur und umfasst fünf operativ tätige Tochtergesellschaften, die auf den Gebieten der Grundversicherung (Sanitas, Wincare und Compact) und der Zusatzversicherungen (Sanitas und Wincare) tätig sind. Die in der Rechtsform einer Stiftung organisierte Sanitas Krankenversicherung bildet die Dachgesellschaft.\nDas Kerngeschäft der Sanitas Gruppe ist die Grundversicherung nach demKrankenversicherungsgesetz, die rund 71 Prozent der gesamten Prämieneinnahmen ausmacht. Die Sparte mit den Zusatzversicherungen ist das zweite Standbein.\n\n			n.v.	7	5	n.v.	n.v.	n.v.		info@sanitas.com
26	290	CONCORDIA	Concordia	-		Yes	Nein	yes	Bundesplatz 15\n 6002 Luzern\n Tel. 041 228 01 11\n Fax 041 228 02 10\n info@concordia.ch \n www.concordia.ch		concordia.png	Die Concordia Schweizerische Kranken- und Unfallversicherung AG mit Sitz in Luzern ist ein auf die Krankenversicherung und Unfallversicherung spezialisierter Schweizer Versicherungskonzern. Die Unternehmensgruppe zählt rund 774'000 Versicherte und erzielte 2015 mit 1'200 Mitarbeitenden einen Umsatz von 2.5 Milliarden Schweizer Franken.\n\nDer Versicherer ist mit vier Servicecentern und rund 240 Agenturen und Geschäftsstellen in der Schweiz vertreten. Zusätzlich verfügt die Concordia über eine Landesvertretung im Fürstentum Liechtenstein.\n\nDie Krankenversicherung mit Grund- und Zusatzversicherung sowie die Unfallversicherung bilden das Kerngeschäft der Concordia-Gruppe. Es wird geführt durch die beiden Aktiengesellschaften Concordia Schweizerische Kranken- und Unfallversicherung AG und Concordia Versicherungen AG:\n\nDie Concordia Schweizerische Kranken- und Unfallversicherung AG führt die Krankenversicherung nach schweizerischem und liechtensteinischem Krankenversicherungsgesetz (KVG) sowie die Unfallversicherung nach schweizerischem Unfallversicherungsgesetz (UVG) durch. Die Concordia Versicherungen AG bietet Kranken- und Unfallversicherungen sowie Lebensversicherungen nach schweizerischem Versicherungsvertragsgesetz (VVG) an.\n\nDer Konzern verfügt über eine Holdingstruktur. Zur Holding der Concordia -Gruppe gehören neben den beiden operativ tätigen Versicherungs-Gesellschaften auch drei Stiftungen und mehrere Unternehmen, an denen die Concordia beteiligt ist. Darunter fallen Gesellschaften im Bereich der Unfallversicherung, der medizinischen Versorgung sowie ein Hotel. Das oberste Dach der Gruppe bildet der Verein Concordia Schweizerische Kranken- und Unfallversicherung.\n\n\n\n			5.0	4	6	5.0	4	Sehr kurze Rückerstattungszeit\nHohe Kundenzufriedenheit		info@concordia.ch 
2	8	CSS Krankenversicherung AG	CSS	-	CSS Krankenversicherung AG	Yes	Nein	yes	Tribschenstrasse 21\n Postfach 2568\n 6002 Luzern\n Tel. 058 277 11 11\n Fax 058 277 12 12\n css.info@css.ch\n www.css.ch		css_Versicherungen_ag	Die CSS Krankenkasse gehört zur CSS Holding AG. Unter deren Dach befinden sich zudem auch die Versicherer Arcosana, Intras und Sanagate. Ende 2014 hatten rund 1,28 Millionen Personen eine Grundversicherung bei der CSS abgeschlossen. Insgesamt sind etwa 1,7 Millionen Kunden bei der CSS versichert. Die Prämieneinnahmen steigen um 2,5 Prozent auf 5.379 Mrd. Franken. Damit zählt CSS zu den führenden Schweizer Kranken-, Unfall- und Sachversicherern. Der in Luzern ansässige Versicherer wurde 1899 gegründet. Betreut werden die Kunden von etwa 2.650 Mitarbeitern am Hauptsitz sowie in den verschiedenen Büros vor Ort.\n\n			4.7	7	5	5.0	4	Kurze Rückerstattungszeit\nHohe Kundenzufriedenheit		css.info@css.ch
96	774	Easy Sana	Easy Sana	Ein Angebot der Groupe Mutuel	Groupe Mutuel	Yes	Nein	yes	Groupe Mutuel\n Krankenversicherung Easy Sana\n Rue des Cèdres 5\n 1920 Martigny\n Tel. 0848 803 111\n Fax 0848 803 112\n info@groupemutuel.ch\n www.groupemutuel.ch		groupe_mutuel.png	Rund 1,2 Millionen (1'190'000) Einzelversicherte sind den Mitgliedskrankenversicherern der Groupe Mutuel für die obligatorische Krankenpflegeversicherung (OKP) angeschlossen. Zählt man die Versicherten mit nur einer privaten Zusatzversicherung dazu, beträgt die Versichertenzahl 1,4 Millionen. Rund 17'000 Unternehmen aus allen Tätigkeitsbereichen vertrauen bei ihren Taggeldversicherungen, Unfallversicherungen und der beruflichen Vorsorge voll und ganz den Versicherern der Groupe Mutuel. Der Umsatz aller Mitgliedsgesellschaften übersteigt 4,6 Milliarden Franken, rund 3,7 Milliarden stammen aus dem Bereich Krankenversicherung. Die Krankenversicherer der Groupe Mutuel bieten umfassende Lösungspakete in der obligatorischen Krankenpflegeversicherung und den Zusatzversicherungen an. Die Groupe Mutuel verwaltet ausserdem zwei Vorsorgestiftungen: die schweizweit tätige Groupe Mutuel Vorsorge und die Walliser Vorsorge, die auf die Unternehmen im Kanton Wallis ausgerichtet ist. Die Groupe Mutuel Leben GMV AG deckt den Bereich Lebensversicherungen ab. Mit ihren verschiedenen Versicherungsgesellschaften ist die Groupe Mutuel, Association d’assureurs, ein umfassendes Unternehmen, das Einzelpersonen sowie Unternehmen mit bedarfsgerechten Versicherungslösungen unterstützt.			4.6	10	5	4.9	4	Kurze Rückerstattungszeit	Solvenzquote nicht ausreichend (BAG)	 info@groupemutuel.ch
40	881	EGK Grundversicherungen	EGK	-	-	Yes	Nein	yes	Brislachstrasse 2\n Postfach\n 4242 Laufen\n Tel. 061 765 51 11\n Fax 061 765 51 12\n info@egk.ch \n www.egk.ch		egk.png	Die EGK-Gesundheitskasse beschäftigt aktuell 229 Mitarbeiter (Stand: März 2013) und hat ihren Sitz in Laufen im Kanton Basel-Landschaft. Der Geschäftsleiter des Unternehmens ist Dr. Reto Flury, der Präsident des Stiftungsrats ist seit dem Jahr 2004 Alex Kummer.\nIm Jahr 2013 konnte die EGK-Gesundheitskasse einen Jahresumsatz von 498 Mio. CHF erzielen.\nDie Versicherten der EGK-Gesundheitskasse können über die gesetzliche Pflichtkrankenversicherung hinaus private Zusatzversicherungen abschließen. So gibt es die Möglichkeit, mehr zu bezahlen und dafür freie Arztwahl in der Schweiz bei ambulanten Behandlungen zu erhalten. Auch für Auslandsaufenthalte bietet die EGK unterschiedliche Zusatzversicherungen an. Auch wer Wert darauf legt, naturmedizinische Behandlungen von der Krankenkasse bezahlt zu bekommen, kann hierfür eine spezielle Zusatzversicherung abschließen.\nDennoch bleibt die Grundversicherung nach dem Krankenversicherungsgesetz das Hauptgeschäft des Unternehmens: Es nimmt einen Anteil von 78% der gesamten Prämieneinnahmen in Anspruch.			n.v.	16	4	n.v.	n.v.	n.v.		 info@egk.ch 
75	923	Krankenkasse SLKK	SLKK	-	-	Yes	Yes	yes	Hofwiesenstrasse 370\n Postfach 5652\n 8050 Zürich\n Tel. 044 368 70 30\n Fax 044 368 70 47\n info@slkk.ch\n www.slkk.ch		slkk.png	Beide Versicherungen haben ihren Hauptsitz in Zürich, in dem das gesamte Versicherungsgeschäft abgewickelt wird. Die Versicherungen sind vor allem über das Internet für ihre Versicherten zu erreichen, doch auf Wunsch der Kunden kommen gerne auch die Makler und Vermittler der Versicherung zu den Versicherten nach Hause. Dies muss einfach nur auf der Webseite der Versicherung von den Kunden angegeben werden. Neben der Grund- und der Unfallversicherung nach KVG bietet die Krankenversicherung SLKK natürlich auch viele Zusatzversicherungen nach VVG an, die die Versicherten nicht nur einzeln sondern auch in vielen verschiedenen Paketen abschließen können. So werden hier auch Zusatzversicherungen für Naturheilverfahren, für Medikamente, für Sehhilfen oder für Zahnersatz angeboten. Die Krankenversicherung ist in der gesamten deutschsprachigen Schweiz tätig, wohingegen sich das Tätigkeitsgebiet der SLKK Versicherungen über die gesamte Schweiz, also auch die italienische und die französische, erstreckt. Die Krankenversicherung schloss das Jahr 2012 mit einem Gewinn von 841.000,00 CHF ab, dies war doppelt so viel wie im Vorjahr. Die SLKK Versicherungen hingegen schaffte im Jahr 2012 einen Reingewinn von 834.721,31 CHF.			4.8	19	4	5.0	5.5	Hohe Kundenzufriedenheit	Ist nur in der Deutschschweiz tätig	info@slkk.ch
63	780	Glarner Krankenversicherung 	Glarner			Yes	Nein	yes	Glarner Kranekversicherung \nSernftalstrasse 33\n8762 Schwanden \n Tel. 055 642 25 25\n Fax 055 642 25 45\n info@glkv.ch \n www.glkv.ch		glarner_krankenversicherung.png	Heute hat die Glarner Krankenversicherung zwei Standorte in Elm, dem Hauptsitz und in Luchsingen mit einer Nebenstelle. Da die Versicherung sich noch immer im Wachstum befindet, werden auch immer wieder Stellen und Ausbildungsplätze angeboten. Im Gebiet Glarus hat die Glarner Krankenversicherung zudem einen Marktanteil von 17,9 %, ist aber auch in den Gebieten Graubünden, Uri, St. Gallen und Schwyz tätig. Die Glarner Versicherung hatte laut Geschäftsbericht im Jahr 2012 einen Zuwachs von 251 Mitgliedern und wies im gleichen Jahr einen Gewinn von CHF 781.180,29 auf.\nZwei Standorte mit insgesamt sechs Mitarbeitern betreuen die Krankenversicherten kundennah und persönlich. Da es sich um eine kleine Versicherungsgesellschaft handelt, sind alle Kunden natürlich den Mitarbeitern auch bekannt. Neben der Grundversicherung bietet die Glarner Krankenversicherung auch einige interessante Zusatzversicherungen an. So kann der Versicherte sich zum Beispiel für Zusatzversicherungen für die Kosten von Brillen, Zahnersatzkosten oder auch Naturheilverfahren entscheiden. Diese Kosten werden von vielen Krankenkassen gar nicht erst berücksichtigt oder übernommen. Aber die Glarner Krankenversicherung ist nicht nur eine reine Krankenkasse, die die Kosten einer Behandlung übernimmt. Der Kunde kann sich hier auch für eine eventuelle Invalidität bedingt durch einen Unfall oder eine Krankheit versichern lassen, Unternehmen oder Einzelpersonen können eine Erwerbsausfall-Versicherung abschließen und bei Bedarf in Anspruch nehmen. 			n.v.	5	6	n.v.	n.v.	n.v.		info@glkv.ch
28	1479	Groupe Mutuel	Groupe Mutuel		Groupe Mutuel	yes	Nein	yes	Groupe Mutuel\n Mutuel Assurances\n Rue des Cèdres 5\n 1920 Martigny\n Tel. 0848 803 111\n Fax 0848 803 112\n info@groupemutuel.ch\n www.groupemutuel.ch		groupe_mutuel.png	Rund 1,2 Millionen (1'190'000) Einzelversicherte sind den Mitgliedskrankenversicherern der Groupe Mutuel für die obligatorische Krankenpflegeversicherung (OKP) angeschlossen. Zählt man die Versicherten mit nur einer privaten Zusatzversicherung dazu, beträgt die Versichertenzahl 1,4 Millionen. Rund 17'000 Unternehmen aus allen Tätigkeitsbereichen vertrauen bei ihren Taggeldversicherungen, Unfallversicherungen und der beruflichen Vorsorge voll und ganz den Versicherern der Groupe Mutuel. Der Umsatz aller Mitgliedsgesellschaften übersteigt 4,6 Milliarden Franken, rund 3,7 Milliarden stammen aus dem Bereich Krankenversicherung. Die Krankenversicherer der Groupe Mutuel bieten umfassende Lösungspakete in der obligatorischen Krankenpflegeversicherung und den Zusatzversicherungen an. Die Groupe Mutuel verwaltet ausserdem zwei Vorsorgestiftungen: die schweizweit tätige Groupe Mutuel Vorsorge und die Walliser Vorsorge, die auf die Unternehmen im Kanton Wallis ausgerichtet ist. Die Groupe Mutuel Leben GMV AG deckt den Bereich Lebensversicherungen ab. Mit ihren verschiedenen Versicherungsgesellschaften ist die Groupe Mutuel, Association d’assureurs, ein umfassendes Unternehmen, das Einzelpersonen sowie Unternehmen mit bedarfsgerechten Versicherungslösungen unterstützt.			4.4	10	5	4.3	4	Kurze Rückerstattungszeit	Solvenzquote nicht ausreichend (BAG)	info@groupemutuel.ch
5	1562	Helsana Versicherungen AG\n	Helsana	-	-	Yes	Nein	yes	Helsana-Gruppe\n Helsana Versicherungen AG\n Postfach\n 8081 Zürich\n Tel. 043 340 11 11\n Fax 043 340 01 11\n www.helsana.ch		helsana.png	Die Helsana AG mit Sitz in Dübendorf ist ein auf die Krankenversicherung spezialisierter Schweizer Versicherungskonzern. Mit 1,9 Millionen Versicherten und Prämieneinnahmen von 6 Milliarden Schweizer Franken ist die Helsana-Gruppe der führende Kranken- und Unfallversicherer der Schweiz. Die Unternehmensgruppe beschäftigt rund 3000 Mitarbeitende und verfügt über ein schweizweites Netz von 22 Generalagenturen und 19 Verkaufsstellen. \nDer Konzern umfasst fünf operativ tätige Tochtergesellschaften, die auf den Gebieten der Grundversicherung, der Zusatzversicherungen und der Unfallversicherungen tätig sind. Diese treten unter den Namen Helsana, Progrès, Sansan und Avanex als eigenständige Marken am Markt auf. Aerosana, eine weitere ehemalige Tochtergesellschaft, fusionierte per 1. Januar 2011 mit Progrès.\nDas Kerngeschäft der Helsana-Gruppe bildet die Grundversicherung nach demKrankenversicherungsgesetz und generiert damit rund 70 Prozent der gesamten Prämieneinnahmen. Die Sparte Zusatzversicherungen bildet mit 27 Prozent der Prämieneinnahmen das zweite Standbein. Daneben bietet die Gruppe Unternehmen und Verbänden Kollektivtaggeld- und Unfallversicherungen sowie Lösungen in der beruflichen Vorsorge an.\n			5.0	1	6	5.1	4	Sehr kurze Rückerstattungszeit\nHohe Kundenzufriedenheit		kb1.zuerich@helsana.ch
13	1529	INTRAS Kranken-Versicherung AG	Intras	Ein Angebot der CSS	CSS Versicherung AG	Yes	Nein	yes	Tribschenstrasse 21\n Postfach 2568\n 6002 Luzern\n Tel. 058 277 11 11\n Fax 058 277 12 12\ncss.info@css.ch \n www.css.ch		css_Versicherungen_ag	Die CSS Gruppe mit Hauptsitz in Luzern ist ein auf die Krankenversicherung spezialisierter Schweizer Versicherungskonzern. Mit 1,31 Millionen Versicherten in der obligatorischen Krankenpflegeversicherung ist die CSS der grösste Grundversicherer der Schweiz. Das Unternehmen zählt insgesamt 1,78 Millionen Kunden, weist ein jährliches Prämienvolumen von CHF 5,09 Milliarden aus, beschäftigt 2529 Mitarbeitende und verfügt landesweit über 125 Agenturen.\nDie CSS Gruppe besteht aus sieben Gesellschaften, die in der Schweiz das Versicherungsgeschäft betreiben: Die CSS Kranken-Versicherung AG, die INTRAS Kranken-Versicherung AG, die Arcosana AG, die Auxilia Kranken-Versicherung AG und die Sanagate AG betreiben die obligatorische Krankenpflegeversicherung nach dem Krankenversicherungsgesetz KVG. Sie sind dem Bundesamt für Gesundheit unterstellt. Die CSS Versicherung AG und die INTRAS Versicherung AG betreiben das Geschäft mit Kranken-Zusatzversicherungen, kollektiven Krankentaggeldversicherungen, kollektiven Unfallversicherungen sowie weiteren Versicherungsprodukten (Sach und Vermögen, Einzelleben) nach dem Versicherungsvertragsgesetz VVG. Aufsichtsbehörde ist die Eidgenössischen Finanzmarktaufsicht (FINMA). Die Tochtergesellschaft vivit Gesundheits AG bietet umfassende Gesundheitsdienstleistungen und -produkte an, die Tochter MC Makler Consulting AG unterhält eine Vermittlerplattform für Versicherungen und Finanzdienstleistungen.\n\n			4.7	7	5	5.0	4	Kurze Rückerstattungszeit		info.serviceline@css.ch
80	1040	KKV Krankenkasse Visperterminen	KKV	-	-	Yes	Nein	yes	Wierastrasse \n 3932 Visperterminen\n Tel. 027 948 00 50\n Fax 027 948 00 51\n kkv@visperterminen.ch \n www.kkv.ch		kkv.png	Die KKV Krankenkasse mit Sitz in Visperterminen (Kanton Wallis) ist ein lokal und regional fest verankerter Kranken- und Unfallversicherer in der Region Oberwallis. Da die Krankenkasse im Vergleich zu anderen Kassen relativ klein ist, steht für die KKV besonders die persönliche Beziehung zu ihren Kunden und die individuelle Beratung im Vordergrund.\n \nDurch die kostengünstigen Strukturen und geringen Verwaltungsapparat sowie dem Verzicht auf ein kostspieliges Agentur- und Beraternetzwerk kann die KKV ihre Kosten relativ gering halten. Die Kostenersparnis gibt die Versicherungen in Form von niedrigeren Prämien an ihre Kunden weiter.\n \nZielgruppe der KKV sind Privat- und Unternehmenskunden im Bereich Kranken- und Unfallversicherung. Privatkunden stehen mehrere Modelle im Bereich der obligatorischen Krankenversicherung nach dem Krankenversicherungsgesetz (KVG) zur Auswahl. Ergänzt wird das Angebot durch freiwillige Zusatzversicherungen nach dem Versicherungsvertragsgesetz (VVG), die sowohl allgemeiner Natur sind als sich auch an spezielle Zielgruppen wenden. Unternehmen bietet die KKV maßgeschneiderte (Kollektiv-)Lösungen an, von denen Mitarbeitende und die Unternehmen profitieren. Darüber hinaus hält die Krankenkasse auch Angebote für Selbstständige bereit.\n \nÜber die Internetplattform können Versicherte jederzeit mit der KKV in Kontakt treten und beispielsweise wichtige persönliche Daten ändern, Rechnungen stellen oder das gewählte Modell ändern.\n \nIm Rahmen ihrer Angebotspolitik arbeitet die KKV mit verschiedenen Partnern im Bereich Zusatzversicherung und Dienstleistungen zusammen.			n.v.			n.v.	n.v.	n.v.		kkv@visperterminen.ch 
65	829	KluG Krankenversicherung	KluG	-	-	Yes	Nein	yes	Gubelstrasse 22\n 6300 Zug\n Tel. 041 724 32 78\n Fax 041 724 20 45 \n team.klug@klug.ch\n www.klug.ch		klug_versicherungen.png	Die Klug Krankenversicherung ist eine kleines Unternehmen, das die Patienten individuell betreut, dafür aber auch erstklassige Leistungen erbringen möchten. Aufgrund eines günstigen Verwaltungsapparates sieht sich die Leitung der Klug Krankenversicherung dazu imstande, keine zu hohen Prämien von den Versicherten zu verlangen. Die Klug Krankenversicherung bietet Versicherungen für Privatpersonen, Familien oder auch Unternehmen, die ihre Mitarbeiter krankenversichern möchten, an. Weiterhin werden viele Zusatzversicherungen neben der Grundkrankenversicherung angeboten, die sich alle um das Thema Gesundheit drehen. Hier werden zum Beispiel eine Zahnversicherung oder auch eine Spitalversicherung und vieles mehr angeboten. Die Versicherung ist vor allem über das Internet und das Telefon für ihre Versicherten erreichbar, aber auch in der Filiale in Zug kann der persönliche Kontakt hergestellt werden. Doch nicht immer ist es möglich, dass die Versicherten von weit her anreisen, dann steht eine Telefonnummer zur Verfügung, auf der der Kundenberater zu erreichen ist. Das Jahr 2012 hat die Klug Krankenversicherung mit einem plus von 312.803,17 CHF abgeschlossen.			n.v.	4	6	n.v.	n.v.	n.v.		team.klug@klug.ch
30	762	Kolping Krankenkasse AG	Kolping			yes	nein	yes	Wallisellenstrasse55\n8600 Dübendorf\nTel. 044 824 80 70\nFax 044 824 80 99\ninfo@mykolping.ch\nwww.mykolping.ch		no image				n.v.	7	5	n.v.	n.v.	n.v.		info@mykolping.ch
4	376	KPT Krankenkasse AG	KPT	-	-	Yes	Nein	yes	Tellstrasse 18\n Postfach 8624\n 3001 Bern\n Tel. 058 310 91 11\n Fax 058 310 86 35\n kpt@kpt.ch \n www.kpt.ch		kpt_cpt.png	Die KPT CPT Holding AG ist eine große Versicherung mit Hauptsitz in Bern. Bei ihr sind rund 450 Mitarbeiter beschäftigt, die circa 430.000 Versicherte betreuen. Gerade der Online-Markt wird von der Holding AG angesprochen und sie ist über ihre Internetseite 24 Stunden für ihre Kunden erreichbar. Vor allem die Buchstaben KPT stehen für eine besondere Bedeutung. K für Kompetenz, P für persönlich und T für Transparenz. Diesen Grundsatz leben die Mitarbeiter auch täglich bei ihrer Arbeit. Neben der Grundversicherung und der Unfallversicherung bietet die Holding AG natürlich auch viele Zusatzversicherungen an, wie eine Erwerbsausfallversicherung oder eine Internationale Krankenversicherung. Prämien kann ein Kunde sparen, wenn er seine gesamte Kundenverbindung online abwickelt. Laut Geschäftsbericht des Jahres 2012 konnte die Holding AG ihre Versichertenzahl in den letzten Jahren ständig steigern, und das Jahr mit einem Umsatz von 31.876.000,00 CHF erfolgreich abschließen. So hatte die KPT CPT Holding AG eine Umsatzsteigerung im Jahr 2012 von 15,8 % zum Vorjahr.			4.9	5	6	4.8	4	Sehr kurze Rückerstattungszeit\nHohe Kundenzufriedenheit	Solvenzquote nicht ausreichend (BAG)	kpt@kpt.ch 
3254	134	Kranken- und Unfallkasse\nBezirkskrankenkasse Einsiedeln	KK Einsiedeln 	-	-	yes	nein	yes	Hauptstrasse 61\n Postfach 57\n 8840 Einsiedeln\n Tel. 055 412 23 18\n Fax 055 412 88 34\n info@kkeinsiedeln.ch\n www.kkeinsiedeln.ch		krankenkasse_einsiedeln.png				n.v.	5	6	n.v.	n.v.	n.v.		info@kkeinsiedeln.ch
67	1322	Krankenkasse Birchmeier	Birchmeier	-		Yes	Nein	yes	Hauptstrasse 22\n 5444 Künten\n Tel. 056 485 60 40\n Fax 056 485 60 45\n info@kkbirchmeier.ch\n www.kkbirchmeier.ch		krankenkasse_birchmeier.png	Heute bietet die Kasse ihren Versicherten ein ganzheitliches und attraktives Leistungsangebot. Personen, die im Kanton Aargau wohnen, können je nach persönlichen Wünschen und Bedürfnissen Bausteine einer Grundversicherung, Zusatzversicherungen (ambulant), Spitalversicherungen (stationär), Zahnversicherungen, Patientenrechtsschutzversicherungen, Risikokapitalversicherung, Ferien- und Reiseversicherung und der Klassiker Taggeldversicherung angeboten werden. Engagierte und gut ausgebildeten Mitarbeiter der Krankenversicherung Birchmeier legen Wert auf eine hohe Beratungs- und Dienstleistungsqualität gegenüber den Versicherten. Mittlerweile hat die Krankenversicherung Birchmeier rund 10.000 Mitglieder. Die Bilanzsumme leigt bei ca. 17,5 Mio. CHF (2012).			n.v.	6	5	n.v.	n.v.	n.v.		info@kkbirchmeier.ch
49	360	Krankenkasse Luzerner Hinterland	KK Luzerner Hinterland	-	-	Yes	Nein	yes	Luzernstrasse 19\n 6144 Zell\n Tel. 041 989 70 00\n Fax 041 989 70 01\n info@kklh.ch \n www.kklh.ch		luzerner_hinterland.png	Die Luzerner Hinterland Krankenversicherung betreut mit neun Mitarbeitern und zwei Auszubildenden die ihre Versicherten von ihrem Sitz Zell (Kanton Luzern) aus. Aufgrund der Mitgliederzahl von etwa 21.000 gehört sie zu den kleineren Krankenversicherungen in der Schweiz, betreut aber trotz des Hauptaugenmerks auf die Region Luzern und Luzerner Landschaft weitere zehn Kantone. Doch genau das spiegelt auch den Leitspruch "Qualität statt Wachstum" der KKLH wider. Die Luzerner Hinterland Krankenversicherung ist neben dem persönlichen  ihrem Geschäftssitz auch gut über das Internet oder einen zentralen Telefonanschluss erreichbar. Neben der Grundversicherung bietet die Krankenversicherung natürlich auch viele Zusatzversicherungen im Sinne von KVG und VVG an. So werden hier unter anderem eventuelle Folgeschäden von Unfällen, Mutterschaften und Krankheiten versichert. Aber auch Zahnersatzversicherungen, Reise- und Auslandsversicherungen oder Spitalversicherungen können hier zusätzlich abgeschlossen werden. Laut Geschäftsbericht der KKLH steigerte sich der Mitgliederbestand vom Jahr 1990 mit gerade mal 4000 auf im Jahr 2012 ca. 21.000 Versicherte. Gerade in den letzten 10 Jahren stieg diese Zahl rasant an. Im Jahr 2012 machte die Krankenversicherung zudem einen Gewinn von 1.901.466 CHF und schloss somit mit einem Eigenkapital von 32.888.203 CHF. Im Vorjahr waren dies hingegen "nur" 30.147.567 CHF.			n.v.	6	5	n.v.	n.v.	n.v.		info@kklh.ch 
23	1542	Assura-Basis SA	Assura	-		Yes	Nein	yes	Avenue C.-F. Ramuz 70\n 1009 Pully\n Tel. 021 721 44 11\n Fax 021 721 46 99\nassura@assura.ch \n www.assura.ch		assura.png	Die Assura ist in der Rechtsform einer Stiftung organisiert. Mit über 700'000 Versicherten ist sie die zweitgrößte Krankenkasse der Schweiz. Sie beschäftigt in der Zentrale in Pully und ihren mittlerweile 13 Niederlassungen über 200 Mitarbeiter. Im Jahr 2010 erzielte das Unternehmen im Bereich der Grundversicherung einen Umsatz von 1,5 Mrd.CHF.\nEines der Unternehmensziele ist es von Anfang an, die Versicherungsprämien so niedrig wie möglich zu halten. Dementsprechend waren die Prämien der Assura in den letzten über 35 Jahren im Durchschnitt am günstigsten.\nSeit 2011 ist das Unternehmen auch in sozialen Netzwerken aktiv. Unter anderem verfügt es über Profile auf Facebook, Twitter und YouTube.			4.4	34	3	4.2	6	Tiefe Prämie 	Sehr lange Rückzahlungszeit	\nofferte@assura.ch 
68	246	Krankenkasse Steffisburg	KK Steffisburg	-	-	Yes	Nein	yes	Unterdorfstrasse 37\n Postfach\n 3612 Steffisburg\n Tel. 033 439 40 20\n Fax 033 439 40 29\n info@kkst.ch \n www.kkst.ch		krankenkasse_steffisburg.png	Die Krankenkasse Steffisburg ist eine regional tätige Krankenkasse. Sie hat Ihren Hauptsitz, wie der Name schon sagt, in Steffisburg und ist dort überwiegend regional tätig. Aber natürlich ist sie auch über zentrale Telefonnummer und den E-Mail-Kontakt zu erreichen. Die Krankenkasse Steffisburg ist eine sehr kleine Versicherung mit gerade mal einem Geschäftsführer sowie acht Mitarbeitern und Mitarbeiterinnen. Hier ist vor allem eine persönliche Beratung der Versicherten gewährleistet. Neben der Grundversicherung sowie der Unfallversicherung bietet die Krankenkasse Steffisburg natürlich auch viele Zusatzversicherungen an, zum Beispiel eine Zahnkostenversicherung oder eine Versicherung, mit der eventuelle Krankenhauskosten und Rettungskosten abgegolten werden. Dem Unternehmen ist es vor allem wichtig, sich gerade für die Anliegen Ihrer Versicherten stark zu machen. Dieses Konzept verfolgt sie nun seit über 150 Jahren. In dem Geschäftsbericht von 2012 kann man jedoch ersehen, dass der Versichertenbestand um ungefähr 21 % zum Vorjahr zurückgegangen ist. Das Jahr 2012 schloss mit einem Gewinn von 689.133,52 CHF ab. Dies waren circa 40 % Gewinn weniger als im Vorjahr.			n.v.	6	5	n.v.	n.v.	n.v.		info@kkst.ch 
77	1331	Krankenkasse Stoffel	KK Stoffel			yes	Nein	yes	Bahnhofstrasse 63\n 8887 Mels\n Tel. 081 723 56 09\n Fax 081 723 76 55\n info@kkstoffel.ch\n www.kkstoffel.ch		-	Die als Verein organisierte Krankenkasse Stoffel mit Sitz in Mels (Kanton St. Gallen) ist eine noch recht junge und lokal fest verankerte Schweizer Versicherungsgesellschaft mit dem Schwerpunkt auf Kranken- und Zusatzversicherungen. Im Bereich der obligatorischen Krankenpflegeversicherung (Grundversicherung) und der Taggeldversicherung nach dem KVG gewährt die Krankenkasse Stoffel ihren Mitgliedern, beruhend auf dem Grundsatz der Gegenseitigkeit, Versicherungsschutz gegen die wirtschaftlichen Folgen von Krankheit, Mutterschaft und Unfall. Seit dem 01. Januar 1997 bietet die Krankenkasse darüber hinaus Zusatzversicherungen gemäß dem Versicherungsvertragsgesetz (VVG) ebenfalls zum Schutz gegen die wirtschaftlichen Folgen von Krankheit, Mutterschaft und Unfall. Die Zusatzversicherungen der Krankenkasse Stoffel bilden damit eine Ergänzung des Grundversicherungsangebots.\n \nDie Krankenkasse Stoffel verfügt über eine Niederlassung in Mels. Darüber hinaus stellt sie auf ihrer Internetplattform ein umfangreiches Download-Portal zur Verfügung, wo sich Interessierte über die Versicherungsprodukte- und -dienstleistungen informieren können.\n \nIm Rahmen der Versicherungsprämien bietet die Krankenkasse Stoffel ihren Mitgliedern mehrere Möglichkeiten, den Prämienbetrag zu reduzieren, beispielsweise durch eine höher wählbare Franchise bei der obligatorischen Krankenversicherung. Darüber hinaus gibt es auch einen Prämienrabatt, wenn der Versicherte über seinen Arbeitgeber gegen Unfallrisiken versichert ist. Und auch im Rahmen der freiwilligen Zusatzversicherung hält die Krankenkasse entsprechende Angebote wie den Familienrabatt (ab zwei oder ab drei Personen) bereit.\n \nDie Krankenkasse Stoffel versicherte zum Bilanzstichtag 31. Dezember 2012 in der obligatorischen Krankenversicherung insgesamt 1.678, im wählbaren Franchise 646 und im Hausarztsystem 823 Personen. Im Bestand der Zusatzversicherungen befanden sich 2.020 Policen. Träger der Zusatzversicherungen ist die Helsana Zusatzversicherungen AG. Die Prämieneinnahmen zum Bilanzstichtag 2012 beliefen sich auf rund 3,9 Millionen Schweizer Franken. Dem gegenüber standen Aufwendungen für Versicherungsleistungen in Höhe von ca. 3,6 Millionen Schweizer Franken.			n.v.	3	6	n.v.	n.v.	n.v.		info@kkstoffel.ch
3305	1060	Wincare Versicherungen		Ein Angebot der Sanitas	Sanitas	nein	Yes	nein	Konradstrasse 14\n Postfach 299\n 8401 Winterthur\n Tel. 044 298 63 00\n Fax 044 298 62 50\n info@wincare.ch \n www.wincare.ch		sanitas.png	Die Sanitas Krankenversicherung mit Sitz in Zürich ist ein auf die Krankenversicherungspezialisierter Schweizer Versicherungskonzern. Die Unternehmensgruppe zählte Anfang 2014 rund 824'000 Versicherte und erzielte 2013 mit knapp 700 Mitarbeitern Prämieneinnahmen von 2,484 Milliarden Schweizer Franken. Damit finanzierte Sanitas Versicherungsleistungen in Höhe von 2,338 Milliarden Schweizer Franken.\nDie Gruppe verfügt über eine Holdingstruktur und umfasst fünf operativ tätige Tochtergesellschaften, die auf den Gebieten der Grundversicherung (Sanitas, Wincare und Compact) und der Zusatzversicherungen (Sanitas und Wincare) tätig sind. Die in der Rechtsform einer Stiftung organisierte Sanitas Krankenversicherung bildet die Dachgesellschaft.\nDas Kerngeschäft der Sanitas Gruppe ist die Grundversicherung nach demKrankenversicherungsgesetz, die rund 71 Prozent der gesamten Prämieneinnahmen ausmacht. Die Sparte mit den Zusatzversicherungen ist das zweite Standbein.\n\n			n.v.					n.v.		info@sanitas.com
61	558	Krankenversicherung Flaachtal AG	Flaachtal	Ein Angebot der ÖKK	Ökk	yes	Nein	yes	Bahnhofstrasse 13\n 7302 Landquart\n Tel. 058 456 10 10\n Fax 058 456 10 11\n info@oekk.ch \n www.oekk.ch		okk.png	Die Stiftung ÖKK hat ihren Sitz in Landquart (Kanton Graubünden) und ist ein Schweizer Versicherungsunternehmen mit einer Holdingstruktur. Der Versicherer hat vor allem im Kanton Graubünden einen hohen Marktanteil (50 Prozent, Stand 2013). Darüber hinaus ist das Unternehmen aber auch schweizweit tätig. Heute kommen bereits 40 Prozent aller Versicherten aus Regionen außerhalb des Kantons Graubünden – Tendenz steigend.\n \nDie ÖKK versicherte zum Abschlussstichtag 31. Dezember 2012 rund 167.000 Menschen und 14.700 Unternehmen. Das Unternehmen beschäftigt ca. 370 Mitarbeiter in 38 Agenturen, die sich auf neun verschiedene Kantone mit Schwerpunkt Graubünden verteilen.\n \nDas Angebot der Stiftung ÖKK erstreckt sich auf Versicherungslösungen aus den Bereichen Krankheit, Unfall, Erwerbsausfall und berufliche Vorsorge. In Zusammenarbeit mit verschiedenen Partnerfirmen werden auch Lebens-, Haftpflicht- und Sachversicherungen über die ÖKK vertrieben.\n \nDie Bruttoprämieneinnahmen aus den unterschiedlichen Geschäftsbereichen bezifferte der Versicherer im Geschäftsjahr 2012 mit rund 592,5 Millionen Schweizer Franken. In der Bilanz der ÖKK wurde zum Abschlussstichtag 31. Dezember 2012 eine Summe von 426,2 Millionen Franken ausgewiesen. Der Jahresgewinn belief sich auf 11,8 Millionen Franken.\n			n.v.	4	6	n.v.	n.v.	n.v.		info@oekk.ch 
3306	1142	Krankenkasse Institut Ingenbohl				nein	nein	nein	Postfach 57\n8840 Einsiedeln\nTel.041 825 22 37\nFax 055 412 88 34\nkkingenbohl@hin.ch		-				n.v.					n.v.		info@kkeinsiedeln.ch
3307	1147	Krankenkasse Turbenthal				nein	Nein	nein	Tösstalstrasse 147\n 8488 Turbenthal\n Tel. 052 385 33 65		-				n.v.					n.v.		
33	57	Moove Sympany AG	Moove	Ein Angebot der Sympany	Sympany	yes	Nein	yes	Peter Merian-Weg 4 \n4002 Basel\nTel. 058 262 30 00\ninfo.moove@sympany.ch\nwww.sympany.ch		sympany.png	Die Sympany mit Sitz in Basel (Kanton Basel) ist eine auf Krankenversicherungen spezialisierte Schweizer Versicherungsgesellschaft. Kerngeschäfte der als Stiftung organisierten Krankenkasse sind die Grundversicherung nach dem Krankenversicherungsgesetz (KVG) und entsprechende Zusatzversicherungen. Seit 2009 bietet die Sympany außerdem Versicherungen für Gebäude, Hausrat, Motorfahrzeuge und Privathaftpflicht an.\n \nDie Unternehmensgruppe unter dem Dach der Sympany Stiftung umfasst insgesamt drei 100-prozentige Tochtergesellschaften. Bis 2009 trat die Sympany am Markt als Versicherer unter drei Marken auf. Herzstück der Geschäftstätigkeit bildete die Marke Vivao Sympany. Sie bot Versicherungslösungen für Privatpersonen mit dem Schwerpunkt Familie, Berufstätige und Jugendliche an. Die Moove Sympany richtete sich insbesondere an aktive, sportliche und junge Menschen, während die Trust Sympany sich ausschließlich auf Versicherungslösungen für Unternehmen konzentrierte. Seit 2010 treten die drei Marken der Versicherungsgesellschaft unter der einheitlichen Marke Sympany auf.\n \nBis 2008 war die Sympany außerdem über ihre Maklergesellschaft „Allcons“ auch im Beratungs- und Vermittlungsgeschäft für fremde Versicherungslösungen aktiv. Bis zur Trennung von der Allcons lag das Prämienvolumen für an Dritte vermittelte Kunden bei 147 Millionen Schweizer Franken.\n \nMit 538 Mitarbeitern und sechs Kundenzentren versicherte die Sympany zum Abschlussstichtag 31. Dezember 2013 schweizweit 203.097 Privat- und 12.250 Geschäftskunden. Das Unternehmensergebnis 2012 fiel mit 21,6 Millionen Franken 33 Prozent besser aus als im Geschäftsjahr 2011. Die Prämieneinnahmen beliefen sich im Berichtszeitraum auf 919 Millionen Franken. Dem standen Leistungen von 781 Millionen Franken gegenüber, was einem Rückgang um acht Prozent (63 Millionen 			n.v.	9	5	n.v.	n.v.	n.v.		partnervertrieb@sympany.ch
21	455	ÖKK 	ÖKK 	-	-	Yes	Nein	yes	Bahnhofstrasse 13\n 7302 Landquart\n Tel. 058 456 10 10\n Fax 058 456 10 11\n info@oekk.ch \n www.oekk.ch		okk.png	Die Stiftung ÖKK hat ihren Sitz in Landquart (Kanton Graubünden) und ist ein Schweizer Versicherungsunternehmen mit einer Holdingstruktur. Der Versicherer hat vor allem im Kanton Graubünden einen hohen Marktanteil (50 Prozent, Stand 2013). Darüber hinaus ist das Unternehmen aber auch schweizweit tätig. Heute kommen bereits 40 Prozent aller Versicherten aus Regionen außerhalb des Kantons Graubünden – Tendenz steigend.\n \nDie ÖKK versicherte zum Abschlussstichtag 31. Dezember 2012 rund 167.000 Menschen und 14.700 Unternehmen. Das Unternehmen beschäftigt ca. 370 Mitarbeiter in 38 Agenturen, die sich auf neun verschiedene Kantone mit Schwerpunkt Graubünden verteilen.\n \nDas Angebot der Stiftung ÖKK erstreckt sich auf Versicherungslösungen aus den Bereichen Krankheit, Unfall, Erwerbsausfall und berufliche Vorsorge. In Zusammenarbeit mit verschiedenen Partnerfirmen werden auch Lebens-, Haftpflicht- und Sachversicherungen über die ÖKK vertrieben.\n \nDie Bruttoprämieneinnahmen aus den unterschiedlichen Geschäftsbereichen bezifferte der Versicherer im Geschäftsjahr 2012 mit rund 592,5 Millionen Schweizer Franken. In der Bilanz der ÖKK wurde zum Abschlussstichtag 31. Dezember 2012 eine Summe von 426,2 Millionen Franken ausgewiesen. Der Jahresgewinn belief sich auf 11,8 Millionen Franken.\n			5.1	2	6	5.3	4	\nSehr kurze Rückerstattungszeit\nHohe Kundenzufriedenheit\n		info@oekk.ch 
66	1328	kmu-Krankenversicherung \n(IST AB 01.01.2017 aufgelöst)		-	-	nein	Nein	nein	Bachtelstrasse 5\n 8400 Winterthur\n Tel. 052 269 12 60\n Fax 052 269 12 65\n info@kmu-kv.ch \n www.kmu-kv.ch		kmu_krankenversicherung.png	Mit nur 12 Mitarbeitern ist die KMU ein sehr kleines Unternehmen, das etwa 8000 Versicherte und circa 50 Firmen betreut. Dadurch kommt es in der KMU Krankenversicherung vor allem zu einem sehr persönlichen Kontakt zwischen Kunde und Mitarbeiter. Noch heute hat die KMU ihren Sitz in Winterthur, betreut die Kunden aber auch telefonisch und über das Internet auch an allen anderen Stand- und Wohnorten. Neben der Grundversicherung werden auch viele Zusatzversicherungen angeboten, wie natürlich eine Unfallversicherung, eine Zahnersatzversicherung oder auch eine Rechtsschutzversicherung für gesundheitliche Rechtsfragen. Auch Erwerbsunfall- oder Reisekrankenversicherungen können hier abgeschlossen werden. Das Jahr 2012 schloss die KMU mit einem Gesamtgewinn von 1.250.561 CHF ab.			n.v.					n.v.		info@kmu-kv.ch 
97	1535	Philos Krankenversicherung AG\n 	Philos	Ein Angebot der Groupe Mutuel	Groupe Mutuel	Yes	Nein	yes	Groupe Mutuel\n Philos Caisse maladie-accident\n Rue des Cèdres 5\n 1920 Martigny\n Tel. 0848 803 111\n Fax 0848 803 112\n info@groupemutuel.ch\n www.groupemutuel.ch		groupe_mutuel.png	Rund 1,2 Millionen (1'190'000) Einzelversicherte sind den Mitgliedskrankenversicherern der Groupe Mutuel für die obligatorische Krankenpflegeversicherung (OKP) angeschlossen. Zählt man die Versicherten mit nur einer privaten Zusatzversicherung dazu, beträgt die Versichertenzahl 1,4 Millionen. Rund 17'000 Unternehmen aus allen Tätigkeitsbereichen vertrauen bei ihren Taggeldversicherungen, Unfallversicherungen und der beruflichen Vorsorge voll und ganz den Versicherern der Groupe Mutuel. Der Umsatz aller Mitgliedsgesellschaften übersteigt 4,6 Milliarden Franken, rund 3,7 Milliarden stammen aus dem Bereich Krankenversicherung. Die Krankenversicherer der Groupe Mutuel bieten umfassende Lösungspakete in der obligatorischen Krankenpflegeversicherung und den Zusatzversicherungen an. Die Groupe Mutuel verwaltet ausserdem zwei Vorsorgestiftungen: die schweizweit tätige Groupe Mutuel Vorsorge und die Walliser Vorsorge, die auf die Unternehmen im Kanton Wallis ausgerichtet ist. Die Groupe Mutuel Leben GMV AG deckt den Bereich Lebensversicherungen ab. Mit ihren verschiedenen Versicherungsgesellschaften ist die Groupe Mutuel, Association d’assureurs, ein umfassendes Unternehmen, das Einzelpersonen sowie Unternehmen mit bedarfsgerechten Versicherungslösungen unterstützt.			4.5	11	4.5	5.0	4	Hohe Kundenzufriedenheit	Solvenzquote nicht ausreichend (BAG)	info@groupemutuel.ch
3308	1362	Krankenkasse Simplon		-	-	nein	nein	nein	3907 Simplon-Dorf\n Tel. 027 979 14 39 \n Fax 027 979 14 39\n kk.simplondorf@rhone.ch		-				n.v.					n.v.		kk.simplondorf@rhone.ch
87	994	Progrès Versicherungen AG	Progrès	Ein Angebot der Helsana Gruppe	Helsana Gruppe	Yes	Nein	yes	Helsana-Gruppe\nProgrès Versicherungen AG\nPostfach\n8081 Zürich\nTel. 043 340 11 12\nFax 043 340 01 11\nwww.progres.ch		helsana.png	Die Helsana AG mit Sitz in Dübendorf ist ein auf die Krankenversicherung spezialisierter Schweizer Versicherungskonzern. Mit 1,9 Millionen Versicherten und Prämieneinnahmen von 6 Milliarden Schweizer Franken ist die Helsana-Gruppe der führende Kranken- und Unfallversicherer der Schweiz. Die Unternehmensgruppe beschäftigt rund 3000 Mitarbeitende und verfügt über ein schweizweites Netz von 22 Generalagenturen und 19 Verkaufsstellen. \nDer Konzern umfasst fünf operativ tätige Tochtergesellschaften, die auf den Gebieten der Grundversicherung, der Zusatzversicherungen und der Unfallversicherungen tätig sind. Diese treten unter den Namen Helsana, Progrès, Sansan und Avanex als eigenständige Marken am Markt auf. Aerosana, eine weitere ehemalige Tochtergesellschaft, fusionierte per 1. Januar 2011 mit Progrès.\nDas Kerngeschäft der Helsana-Gruppe bildet die Grundversicherung nach demKrankenversicherungsgesetz und generiert damit rund 70 Prozent der gesamten Prämieneinnahmen. Die Sparte Zusatzversicherungen bildet mit 27 Prozent der Prämieneinnahmen das zweite Standbein. Daneben bietet die Gruppe Unternehmen und Verbänden Kollektivtaggeld- und Unfallversicherungen sowie Lösungen in der beruflichen Vorsorge an.\n			n.v.	1	6	n.v.	n.v.	n.v.		kb1.zuerich@helsana.ch
71	182	PROVITA Gesundheitsversicherung AG	Provita	Ein Angebot der SWICA 	Swica	yes	Nein	yes	c/o\nSWICA Krankenversicherung AG\nRömerstrasse 38\n8401 Winterthur\nTel.052 244 22 33\nFax 052 244 22 90 \ninfo@provita.ch\nwww.provita.ch		swica.png	Die Provita Holding AG – vormals Sulzer-Krankenkasse – mit Sitz in Winterthur (Kanton Zürich) ist eine auf Krankenversicherungen spezialisierte Schweizer Versicherungsgesellschaft. Kerngeschäft der Versicherung ist die Grundversicherung nach dem Krankenversicherungsgesetz (KVG) und Zusatzversicherungen.\n \nDer Konzern verfügt über eine Holdingstruktur und umfasst zwei operativ tätige Tochtergesellschaften. Die kompletten Aktien der Provita Holding AG werden vom Verein Provita Grundversicherung gehalten. Für die Durchführung der Kranken- und Unfallversicherung nach dem KVG ist die Provita Grundversicherung AG zuständig. Für die Durchführung der Zusatzversicherungen gemäß dem Versicherungsvertragsgesetz (VVG) ist die Provag Versicherungen AG zuständig, die 2011 jedoch  an die SWICA Holding verkauft wurde. Das Hauptgeschäft macht der Konzern mit der Grundversicherung nach dem KVG. Der Anteil an den gesamten Prämieneinnahmen betrug bis 2011 gut 85 Prozent.\n \nZum 31. Dezember 2012 versicherte die Provita 57.157 Personen, was einem Plus zum Vorjahreszeitraum von 4,9 Prozent entsprach. Der Konzern beschäftigte in diesem Berichtszeitraum 61 Mitarbeiter sowie drei Lernende. In der Bilanz weist die Provita eine Summe von 76,0 Millionen Schweizer Franken aus. Der gesamte Prämienertrag belief sich in 2012 auf 156,1 Millionen Franken, was einem Anstieg zum Geschäftsjahr 2011 von 6,1 Prozent (169,6 Millionen Franken) entsprach. Aufgrund eines Anstiegs der Leistungen um 4,3 Prozent (176,8 Millionen Franken), erzielte die Provita 2012 einen negativen Jahresgewinn von 4,4 Millionen Franken.			n.v.	2	6	n.v.	n.v.	n.v.		swica@swica.ch 
73	1401	rhenusana	rhenusana	-	-	Yes	Nein	yes	Heinrich-Wild-Strasse 210\n Postfach\n 9435 Heerbrugg\n Tel. 071 727 88 00\n Fax 071 727 88 99\n info@rhenusana.ch\n www.rhenusana.ch		rhenusana.png	Die Rhenusana ist eine regional festverankerte Schweizer Versicherungsgesellschaft mit Sitz in Heerbrugg (Kanton St. Gallen) und einer weiteren Niederlassung in Oberriet. Organisiert ist die Rhenusana als Verein. Haupttätigkeitsschwerpunkt der Rhenusana ist das Geschäft mit der obligatorischen Grundversicherung, Zusatzversicherungen und verschiedenen alternativen Versicherungsmodellen (z. B. Hausarztsystem, sanmed24). Im Bereich der Zusatzversicherungen bietet die Rheunsana ein umfangreiches Angebot an Versicherungsprodukten an. Neben Privatkunden richtet sich die Versicherung auch an Unternehmen und offeriert entsprechende Versicherungsdienstleistungen zur Absicherung der Mitarbeitenden des Unternehmens.\n \nDie Rhenusana ist Mitglied im Verband der kleinen und mittleren Krankenversicherer (RVK). Sie besonders fest verankert im St. Galler Rheintal und richtet sich daher vorwiegend an die Bevölkerung und Wirtschaft der Ostschweiz.\n \nIn ihrer Bilanz 2011 weist das Unternehmen eine Summe von 25,2 Millionen Schweizer Franken aus. Der Jahresgewinn der Versicherung betrug im Berichtszeitraum 8.349,66 Franken. Die Einnahmen aus Versicherungsprämien betrugen über 37,9 Millionen Franken, was einem Zuwachs von 8,4 Prozent gegenüber dem Vorjahr entsprach. Dem gegenüber stand zum Abschlussstichtag 31. Dezember 2011 ein Versicherungsaufwand von rund 35,1 Millionen Franken.			n.v.	4	6	n.v.	n.v.	n.v.		info@rhenusana.ch
83	1568	sana24 AG	Sana24	Ein Angebot der Visana 	Visana	Yes	Nein	yes	Weltpoststrasse 19/21\n Postfach 253\n 3000 Bern 15\n Tel. 031 357 91 11\n Fax 031 357 96 22\n info@visana.ch\n www.visana.ch		visana.png	Visana mit Sitz in Bern ist ein auf die Krankenversicherung und Unfallversicherungspezialisierter Schweizer Versicherungskonzern. Die Unternehmensgruppe zählt über 570'000 grundversicherte Personen. Insgesamt zählt sie rund 1,2 Mio. Versicherte und erzielte 2014 mit 1'290 Mitarbeitern Prämieneinnahmen von 2,9 Milliarden Schweizer Franken.\nDer Konzern verfügt über eine Holdingstruktur mit der Stiftung Visana Plus als oberstes Dach der Gruppe sowie über die vier im Versicherungsbereich operativ tätigen Tochtergesellschaften Visana AG, Visana Versicherungen AG, sana24 AG und vivacare AG.\nDie Visana-Gruppe gehört zu den grösseren schweizerischen Kranken- und Unfallversicherern. Sie bietet die obligatorische Krankenpflegeversicherung (OKP) nach Krankenversicherungsgesetz (KVG), Zusatz- und Sachversicherungen nach Versicherungsvertragsgesetz (VVG) und Unfallversicherungen nach Unfallversicherungsgesetz (UVG) an.\nVisana versichert Privatkunden (Einzelpersonen und Familien) sowie Firmenkunden (Unternehmen, öffentliche Institutionen und Verbände). Für Letztere bietet sie Lohnausfall- und Unfallversicherungen an.\n			n.v.	5	6	n.v.	n.v.	n.v.		kam-mitte@visana.ch
3309	1507	Fondation AMB		Ein Angebot der Groupe Mutuel	Groupe Mutuel	nein	Nein	nein	AMB\nRoute de Verbier 13\n1934 Le Châble\nTél. 058 758 60 70\nFax: 058 758 60 89\nE-mail: info@amb-assurance.ch\n www.amb-assurance.ch		groupe_mutuel.png	Rund 1,2 Millionen (1'190'000) Einzelversicherte sind den Mitgliedskrankenversicherern der Groupe Mutuel für die obligatorische Krankenpflegeversicherung (OKP) angeschlossen. Zählt man die Versicherten mit nur einer privaten Zusatzversicherung dazu, beträgt die Versichertenzahl 1,4 Millionen. Rund 17'000 Unternehmen aus allen Tätigkeitsbereichen vertrauen bei ihren Taggeldversicherungen, Unfallversicherungen und der beruflichen Vorsorge voll und ganz den Versicherern der Groupe Mutuel. Der Umsatz aller Mitgliedsgesellschaften übersteigt 4,6 Milliarden Franken, rund 3,7 Milliarden stammen aus dem Bereich Krankenversicherung. Die Krankenversicherer der Groupe Mutuel bieten umfassende Lösungspakete in der obligatorischen Krankenpflegeversicherung und den Zusatzversicherungen an. Die Groupe Mutuel verwaltet ausserdem zwei Vorsorgestiftungen: die schweizweit tätige Groupe Mutuel Vorsorge und die Walliser Vorsorge, die auf die Unternehmen im Kanton Wallis ausgerichtet ist. Die Groupe Mutuel Leben GMV AG deckt den Bereich Lebensversicherungen ab. Mit ihren verschiedenen Versicherungsgesellschaften ist die Groupe Mutuel, Association d’assureurs, ein umfassendes Unternehmen, das Einzelpersonen sowie Unternehmen mit bedarfsgerechten Versicherungslösungen unterstützt.			n.v.					n.v.		info@amb-assurance.ch
52	1577	Sanagate AG	Sanagate	Ein Angebot der CSS	CSS Versicherung AG	Yes	Nein	yes	Tribschenstrasse 21\n Postfach 2568\n 6002 Luzern\n Tel. 0800 347 358\n Fax 058 911 80 33\n office.de@sanagate.ch\n www.sanagate.ch		css_Versicherungen_ag	Die Sanagate AG ist eine 100-prozentige Tochtergesellschaft der CSS Gruppe, eines auf Krankenversicherungen spezialisierten Schweizer Versicherungskonzerns. Sitz der Sanagate ist Luzern (Kanton Luzern), wo auch der CSS Konzern seinen Sitz hat.\n \nAls Online- und Direktversicherer verzichtet die Sanagate AG komplett auf Zweigstellen oder ein ausgebautes Filial- oder Beraternetz. Vor diesem Hintergrund zeichnet sich der Direktversicherer durch eine schlanke Struktur und Verwaltung, keine Sammelrechnungen, kein kostenintensives Agenturnetz etc. aus. Die Kostenersparnisse, die die Krankenversicherung dadurch erzielen kann, gibt sie an ihre Kunden in Form von langfristig günstigen Prämien weiter. Versicherte müssen dabei nicht auf Leistungen oder ähnliches verzichten. Die Sanagate AG bietet ihren Versicherten die gleichen Leistungen einer gesetzlichen Krankenversicherung und offeriert darüber hinaus weitere attraktive Zusatzangebote.\n \nEckpfeiler der Strategie der Sanagate sind schlanke Strukturen, einfach und übersichtliche Versicherungsprodukte im Rahmen der obligatorischen Krankenversicherung nach dem KVG sowie eine hohe Eigenverantwortung der Versicherten. Dadurch werden nachhaltig günstige Prämien ermöglicht. Die Sanagate AG stellt eine innovative Reaktion auf die Entwicklungen des Schweizer Gesundheitswesens dar. Sie bietet ein übersichtliches Produktportfolio und stellt in der Grundversicherung mit der ordentlichen Grundversicherung und der Hausarztversicherung zwei Varianten den Versicherten zur Auswahl. Im Bereich der Zusatzversicherung bietet die Sanagate AG fünf weitere Versicherungen, die das Angebot komplettieren (Ambulantversicherung, Spitalversicherung, Alternativversicherung, Zahnpflegeversicherung und Versicherung bei Tod oder Invalidität durch Unfall).\n \nDie CSS Gruppe gehört mit einer Versichertenzahl per 31. Dezember 2012 von über 1,2 Millionen Versicherten zu den führenden Schweizer Krankenversicherungen. Von den 1,2 Millionen Versicherten entfallen 49.445 Versicherte (ca. vier Prozent) auf die Sanagate AG. Im Vergleichszeitraum 2011 versicherte die Sanagate dagegen nur 30.285 Menschen.			n.v.	15	4.5	4.9	4		Solvenzquote nicht ausreichend (BAG)	vertrieb@sanagate.ch
74	901	sanavals Gesundheitskasse	Sanavals	-	-	Yes	Nein	yes	Haus ISIS\n Postfach 18\n 7132 Vals\n Tel. 081 935 11 44\n Fax 081 936 90 28\n info@sanavals.ch\n www.sanavals.ch		sanavals.png	Die Sanavals Gesundheitskasse ist eine sehr kleine Krankenversicherung, die gerade mal circa 2460 Versicherte im Kanton Graubünden mit drei Mitarbeitern betreut. Das Jahr 2012 schloss die Krankenversicherung mit einem fast doppelt so guten Ergebnis zum Vorjahr ab und erzielte hier im Jahr 2012 ein Jahresergebnis von 1.129.524,17 CHF. Neben der Grundversicherung und der Unfallversicherung bietet die Sanavals Gesundheitskasse natürlich auch einige Zusatzversicherungen nach VVG an, wie zum Beispiel Versicherungen gegen Invalidität auf Grund von Unfall oder Krankheit, Zahnschutzversicherungen oder aber Spitalgeldversicherungen und viele mehr. Die Sanavals Gesundheitskasse hat ihren Hauptsitz in Vals, an dem die Mitarbeiter persönlich angetroffen werden können, sowie eine Internetseite, über die die Kunden ebenfalls mit den Mitarbeitern in Kontakt treten können. Natürlich sind die Angestellten der Gesundheitskasse zu den Geschäftsöffnungszeiten auch über das Telefon erreichbar. 			n.v.	17	4	n.v.	n.v.	n.v.		info@sanavals.ch
19	1509	Sanitas Grundversicherungen AG	Sanitas	-	-	Yes	Yes	yes	Jägergasse 3\n Postfach 2010\n 8021 Zürich\n Tel. 044 298 63 00\n Fax 044 298 62 50\n info@sanitas.com\n www.sanitas.com		sanitas.png	Die Sanitas Krankenversicherung mit Sitz in Zürich ist ein auf die Krankenversicherungspezialisierter Schweizer Versicherungskonzern. Die Unternehmensgruppe zählte Anfang 2014 rund 824'000 Versicherte und erzielte 2013 mit knapp 700 Mitarbeitern Prämieneinnahmen von 2,484 Milliarden Schweizer Franken. Damit finanzierte Sanitas Versicherungsleistungen in Höhe von 2,338 Milliarden Schweizer Franken.\n\nDie Gruppe verfügt über eine Holdingstruktur und umfasst fünf operativ tätige Tochtergesellschaften, die auf den Gebieten der Grundversicherung (Sanitas, Wincare und Compact) und der Zusatzversicherungen (Sanitas und Wincare) tätig sind. Die in der Rechtsform einer Stiftung organisierte Sanitas Krankenversicherung bildet die Dachgesellschaft.\n\nDas Kerngeschäft der Sanitas Gruppe ist die Grundversicherung nach demKrankenversicherungsgesetz, die rund 71 Prozent der gesamten Prämieneinnahmen ausmacht. Die Sparte mit den Zusatzversicherungen ist das zweite Standbein.\n\n\n\n			5.8	5	6	5.5	6	Höchte Kundenzufriedenheit (Ktipp)\nSehr kurze Rückerstattungszeit\nHohe Kundenzufriedenheit		info@sanitas.com
101	941	sodalis gesundheitsgruppe	Sodalis	-	-	yes	nein	yes	Balfrinstrasse 15\n 3930 Visp\n Tel. 027 948 14 00 \n Fax 027 948 14 04\n info@sodalis.ch \n www.sodalis.ch		-				n.v.	6	5	n.v.	n.v.	n.v.		info@sodalis.ch 
69	1318	Stiftung Krankenkasse Wädenswil	KK Wädenswil	-	-	Yes	Nein	yes	Schönenbergstrasse 28\n 8820 Wädenswil\n Tel. 044 780 74 00\n Fax 044 780 87 33\n www.kkwaedenswil.ch		krankenkasse_wädenswil.png	Die Krankenkasse Wädenswil liegt direkt am Zürichsee-Ufer und wird von fünf Mitarbeitern geführt. Da es sich um ein kleines Team im Versicherungsunternehmen handelt, ist es überaus flexibel. Insbesondere innovative Produkte werden in der Schweiz immer gern gesehen. Auch wenn das Unternehmen für die ganze Schweiz und international arbeitet, kennt jeder Mitarbeiter jeden Kunden und entscheidet im Zweifelfall kulant. Kurze Wege und übersichtliche Strukturen optimieren den Arbeitsablauf. Der Standort befindet sich direkt in Wädenswill, so dass die Nähe zu den Versicherten jederzeit gegeben ist. Die Geschäftsbereiche der Versicherung erstrecken sich auf Krankheitskapital, Auslandsversicherungen, Unfallkapital und zahlreiche Zusatzversicherungen. Dazu gehören die Heilkostenzusatzversicherung, die Taggeldversicherung, die Spitalversicherung und die Zahnflegeversicherung. Hinzu kommt die Vermittlung von der Hausarztversicherung, wobei die unterschiedlchen Kantone bedacht werden müssen. Aargau, Schwyz und Zürich gehören dazu. Das Geschäftsjahr 2012 war ein Erfolg, denn die Krankenkasse Wädenswil konnte ihren Bestand weiterhin erweitern.Insgesamt schließt der Bericht mit 643 793.94 Franken ab.			n.v.	6	5	n.v.	n.v.	n.v.		info@kkwaedenswil.ch
78	194	Sumiswalder Krankenkasse	KK Sumiswalder	-	-	Yes	Nein	yes	Spitalstrasse 47\n 3454 Sumiswald\n Tel. 034 432 30 60\n Fax 034 432 30 61\n info@sumiswalder.ch \n www.sumiswalder.ch		sumiswalder.png	Die Sumiswalder Kranken- und Unfallkasse mit Sitz in Sumiswald (Kanton Bern) ist die älteste Krankenkasse der Schweiz. Sie wurde 1823 in der Rechtsform eines Vereins gegründet und hat diese bis heute beibehalten. Die Sumiswalder ist vor allem in der Deutschschweiz mit Schwerpunkt im Kanton Bern und den angrenzenden Kantonen aktiv. Sie beschäftigt 34 Mitarbeiter sowie einen Lernenden am Stammsitz in Sumiswald.\n \nDas Kerngeschäft der Sumiswalder Kranken- und Unfallkasse umfasst die obligatorische Krankenversicherung (Grundversicherung) nach dem Schweizer Krankenversicherungsgesetz (KVG). Daneben ist die Sumiswalder auch in den Bereichen Zusatzversicherungen nach dem Versicherungsvertragsgesetz (VVG) und Taggeldversicherung (Lohnausfallversicherung) nach dem KVG aktiv. Die Versicherung vertreibt sowohl eigene Produkte und tritt aber auch als Vermittler von Zusatzversicherungen beispielsweise im Bereich Zahnversicherung, Rechtsschutzversicherung, Kapitalversicherung bei Unfall und/oder Tod und Reiseversicherung von Partnergesellschaft auf. Darüber hinaus stellt die Sumiswalder auch Versicherungslösungen für Firmenkunden zur Verfügung (z. B. Kollektivverträge und obligatorische Unfallversicherungen nach dem Unfallversicherungsgesetz (UVG)).\n \nIm Geschäftsjahr 2013 zählte die Sumiswalder insgesamt 81.201 Versicherte. Im gleichen Berichtszeitraum verzeichnete das Unternehmen Prämieneinnahmen in Höhe von 64,5 Millionen Schweizer Franken, denen Leistungszahlungen in Höhe von 49,5 Millionen Franken gegenüber standen. In der Bilanz zum Geschäftsjahr 2012 wies die Sumiswalder eine Summe von 42,4 Millionen und einen Jahresgewinn von rund 1,9 Millionen Franken aus.			n.v.	4	6	n.v.	n.v.	n.v.		info@sumiswalder.ch 
79	62	SUPRA-1846 SA	Supra		Groupe Mutuel	Yes	Nein	yes	Av. de la Rasude 8\n1006 Lausanne \nTel. 0848 803 111\ninfo@groupemutuel.ch\nwww.supra.ch		groupe_mutuel.png	Die SUPRA Caisse-maladie hat ihren Sitz in Lausanne (Kanton Waadt). Sie ist organisiert als Stiftung nach Schweizer Recht. Zum Abschlussstichtag des Geschäftsjahres 2012 versicherte die SUPRA 60.498 Personen. Hauptsächlich ist die Krankenversicherung im Bereich der obligatorischen Krankenversicherung (Grundversicherung) nach dem Krankenversicherungsgesetz (KVG) tätig. Die Tochtergesellschaft Assura SA ist nach dem Konkurs der Supra Assurances SA für die Segmente Zusatz- und Unfallversicherungen zuständig.\n \nDie Bilanz der SUPRA Caisse-maladie weist eine Summe von 237,9 Millionen Franken aus. Die Prämieneinnahmen aus der obligatorischen Krankenpflegeversicherung beliefen sich im Geschäftsjahr auf rund 189,5 Millionen Franken. Dem gegenüberstanden Ausgaben für Versicherungsleistungen in Höhe von ca. 219,9 Millionen Franken. Das Jahresergebnis der SUPRA Caisse-maladie im Geschäftsjahr belief sich auf einen negativen Betrag von ca. 4,4 Millionen Franken.			4.4	15	4.5	4.6	4	n.v.		 info@groupmutuel.ch
43	1565	Avanex		Ein Angebot der Helsana Gruppe	Helsana Gruppe	nein	Nein	yes	Helsana-Gruppe\navanex Versicherungen AG \nPostfach\n8081 Zürich\nTel. 043 340 11 13\nFax 043 340 01 11\nwww.avanex.ch		helsana.png	Die Helsana AG mit Sitz in Dübendorf ist ein auf die Krankenversicherung spezialisierter Schweizer Versicherungskonzern. Mit 1,9 Millionen Versicherten und Prämieneinnahmen von 6 Milliarden Schweizer Franken ist die Helsana-Gruppe der führende Kranken- und Unfallversicherer der Schweiz. Die Unternehmensgruppe beschäftigt rund 3000 Mitarbeitende und umfasst fünf operativ tätige Tochtergesellschaften, die auf den Gebieten der Grundversicherung, der Zusatzversicherungen und der Unfallversicherungen tätig sind. Diese treten unter den Namen Helsana, Progrès, Sansan und Avanex als eigenständige Marken am Markt auf. Das Kerngeschäft der Helsana-Gruppe bildet die Grundversicherung nach dem Krankenversicherungsgesetz und generiert damit rund 70 Prozent der gesamten Prämieneinnahmen. Die Sparte Zusatzversicherungen bildet mit 27 Prozent der Prämieneinnahmen das zweite Standbein. Daneben bietet die Gruppe Unternehmen und Verbänden Kollektivtaggeld- und Unfallversicherungen sowie Lösungen in der beruflichen Vorsorge an.\n\n			n.v.							kb1.zuerich@helsana.ch
50	1566	sansan Versicherungen AG		Ein Angebot der Helsana Gruppe	Helsana Gruppe	nein	Nein	yes	Helsana-Gruppe\nsansan Versicherungen AG\nPostfach\n8081 Zürich\nTel. 043 340 11 11\n Fax 043 340 01 11\n http://www.helsana.ch		helsana.png	Die Helsana AG mit Sitz in Dübendorf ist ein auf die Krankenversicherung spezialisierter Schweizer Versicherungskonzern. Mit 1,9 Millionen Versicherten und Prämieneinnahmen von 6 Milliarden Schweizer Franken ist die Helsana-Gruppe der führende Kranken- und Unfallversicherer der Schweiz. Die Unternehmensgruppe beschäftigt rund 3000 Mitarbeitende und verfügt über ein schweizweites Netz von 22 Generalagenturen und 19 Verkaufsstellen. \nDer Konzern umfasst fünf operativ tätige Tochtergesellschaften, die auf den Gebieten der Grundversicherung, der Zusatzversicherungen und der Unfallversicherungen tätig sind. Diese treten unter den Namen Helsana, Progrès, Sansan und Avanex als eigenständige Marken am Markt auf. Aerosana, eine weitere ehemalige Tochtergesellschaft, fusionierte per 1. Januar 2011 mit Progrès.\nDas Kerngeschäft der Helsana-Gruppe bildet die Grundversicherung nach demKrankenversicherungsgesetz und generiert damit rund 70 Prozent der gesamten Prämieneinnahmen. Die Sparte Zusatzversicherungen bildet mit 27 Prozent der Prämieneinnahmen das zweite Standbein. Daneben bietet die Gruppe Unternehmen und Verbänden Kollektivtaggeld- und Unfallversicherungen sowie Lösungen in der beruflichen Vorsorge an.\n			n.v.							kb1.zuerich@helsana.ch
8	1384	SWICA Krankenversicherung	Swica	-	-	Yes	Nein	yes	Römerstrasse 38\n 8401 Winterthur\n Tel. 052 244 22 33\n Fax 052 244 22 90\n swica@swica.ch \n www.swica.ch		swica.png	Die SWICA mit Sitz in Winterthur (Kanton Zürich) ist eine der führenden Kranken- und Unfallversicherer der Schweiz. Sie versicherte 2012 rund 1,2 Millionen Menschen in der gesamten Schweiz und betreute ca. 27.000 Unternehmenskunden. Die SWICA besitzt die Rechtsform einer Aktiengesellschaft nach Schweizer Recht und weist eine Holdingstruktur auf, an deren Spitze die „SWICA Holding AG“ steht. 100-prozentige Tochterfirmen der SWICA sind die „SWICA Versicherungen AG“, die „SWICA Krankenversicherung AG“, die „SWICA Gesundheitsorganisationen“, die „ProVAG Versicherungen AG“, die „PRIMA Krankenversicherungen AG“ sowie die „SWICA Management AG“, die santémed Gesundheitszentren und die „Stiftung für ein erweitertes Versicherungsangebot“.\n \nIm Bereich der Kranke- und Unfallversicherung beschäftigte die SWICA per 31. Dezember 2012 schweizweit 1.276 Mitarbeiter und in den Gesundheitszentren noch einmal 412 Mitarbeiter. Insgesamt ist die SWICA an über 80 Standorten mit Agenturen, Generalagenturen, Regionaldirektionen, Gesundheitszentren und Partnerpraxen in der Schweiz vertreten.\n \nIn ihrer Bilanz wies die SWICA eine Summe von 2,7 Milliarden Schweizer Franken und einen Jahresgewinn von rund 42,0 Millionen Franken aus. Die Einnahmen aus Versicherungsprämien betrugen im Geschäftsjahr 2012 rund 3,2 Milliarden Franken. Dem gegenüberstanden ca. 3,0 Milliarden Franken an Versicherungsleistungen.			5.1	2	6	5.4	4	Sehr kurze Rückerstattungszeit\nHohe Kundenzufriedenheit		swica@swica.ch 
20	1555	Visana AG	Visana	-	-	Yes	Yes	yes	Weltpoststrasse 19/21\n Postfach 253\n 3000 Bern 15\n Tel. 031 357 91 11\n Fax 031 357 96 22\ninfo@visana.ch\n www.visana.ch		visana.png	Visana mit Sitz in Bern ist ein auf die Krankenversicherung und Unfallversicherungspezialisierter Schweizer Versicherungskonzern. Die Unternehmensgruppe zählt über 570'000 grundversicherte Personen. Insgesamt zählt sie rund 1,2 Mio. Versicherte und erzielte 2014 mit 1'290 Mitarbeitern Prämieneinnahmen von 2,9 Milliarden Schweizer Franken.\nDer Konzern verfügt über eine Holdingstruktur mit der Stiftung Visana Plus als oberstes Dach der Gruppe sowie über die vier im Versicherungsbereich operativ tätigen Tochtergesellschaften Visana AG, Visana Versicherungen AG, sana24 AG und vivacare AG.\nDie Visana-Gruppe gehört zu den grösseren schweizerischen Kranken- und Unfallversicherern. Sie bietet die obligatorische Krankenpflegeversicherung (OKP) nach Krankenversicherungsgesetz (KVG), Zusatz- und Sachversicherungen nach Versicherungsvertragsgesetz (VVG) und Unfallversicherungen nach Unfallversicherungsgesetz (UVG) an.\nVisana versichert Privatkunden (Einzelpersonen und Familien) sowie Firmenkunden (Unternehmen, öffentliche Institutionen und Verbände). Für Letztere bietet sie Lohnausfall- und Unfallversicherungen an.\n			5.6	5	6	4.8	6	Sehr kurze Rückerstattungszeit\nHohe Kundenzufriedenheit		 kam-mitte@visana.ch
82	966	vita surselva	Vita Surselva	-	-	Yes	Nein	yes	Bahnhofstrasse 33\n Postfach 217\n 7130 Ilanz\n Tel. 081 925 61 60\n Fax 081 925 61 73\n vitasurselva@bluewin.ch\n www.vitasurselva.ch		vita_surselva	Die vita surselva mit Sitz in Ilanz (Kanton Graubünden) ist eine der kleineren Schweizer Krankenversicherungsgesellschaft in Form einer Stiftung. Die Rechtsform einer Stiftung nach Schweizer Recht garantiert der vita surselva ihre Unabhängigkeit beispielsweise gegenüber Investoren und verpflichtet sie nur gegenüber ihren Kunden. Das Tätigkeitsgebiet der Krankenversicherung erstreckt sich auf die gesamte Schweiz. Das Hauptgeschäftsfeld konzentriert sich jedoch vorwiegend auf den Bezirk Sursleva und das übrige Gebiet des Kantons Graubünden.\n \nDie Hauptgeschäftstätigkeit liegt im Bereich der obligatorischen Krankenversicherung nach dem Krankenversicherungsgesetz (KVG). Die wichtigste und engste Geschäftspartnerin ist die Rückversicherung RVK mit Sitz in Luzern. Die RVK ist eine Branchenorganisation von rund 50 kleineren und mittleren Schweizer Krankenversicherern. Die in ihr vertretenen Krankenversicherungen repräsentieren ca. 800.000 Versicherte. Der RVK ist der stärkste Rückversicherer auf dem schweizerischen Krankenversicherungsmarkt.\n \nDie vita surselva bietet eigene Versicherungsprodukte und vermittelt auch Zusatzversicherungen nach dem Versicherungsvertragsgesetz (VVG) verschiedener Versicherungspartner. Darüber hinaus vermittelt die vita surselva auch Produkte im Bereich der Unfallversicherung nach dem Unfallversicherungsgesetz (UVG). Sie arbeitet in diesem Zusammenhang mit der Solida Versicherungen AG aus Zürich zusammen. Dadurch ist die vita surselva in der Lage, maßgeschneiderte Versicherungsprodukte und -lösungen seinen Kunden zu präsentieren.\n \nFür Firmenkunden hält die vita surselva Kollektiv-Angebote im Bereich der obligatorischen Krankenversicherung nach dem KVG, der Unfallversicherung nach dem UVG sowie der Taggeldversicherung nach dem KVG bereit. Weiterhin gibt es Versicherungslösungen für Aushilfspersonal in landwirtschaftlichen Betrieben, Kapitalversicherung (UTI) und Schülerunfallversicherung.			n.v.	21	3.5	n.v.	n.v.			vitasurselva@bluewin.ch
3310	1573	Indivo Versicherungen AG\n(IST NICHT AKTIV)		Ein Angebot der Helsana	Helsana Gruppe	nein	nein	nein	Helsana Gruppe\nindivo Versicherungen AG\nPostfach\n8081 Zürich\nTel. 043 340 11 17\nFax 043 340 01 17\nwww.indivo.ch		helsana.png				n.v.							
85	1570	Vivacare	Vivacare	Ein Angeobt der Visana	Visana	yes	Yes	yes	Weltpoststrasse 19/21\n Postfach 253\n 3000 Bern 15\n Tel. 031 357 91 11\n Fax 031 357 96 22\ninfo@visana.ch\n www.visana.ch		visana.png	Die Vivacare Krankenkasse ist ein Unternehmen von der Visana Gruppe und konnte im Jahr 2014 knapp 70’000 Versicherte aufweisen (laut BAG). Mit dem Hauptsitz in Bern bietet die vivacare AG verschiedene Krankenkassen Leistungen im Bereich Grundversicherung und Zusatzversicherung. Die Leistungen erstrecken sich für Einzelpersonen bis zu Familien und Senioren. In diesem Umfeld stützt sich diese auf alle Leistungen der Visana und somit auch für Versicherung im Bereich Hausrat, Privathaftpflicht, Gebäude, Rechtsschutz, Reise- und Auslandversicherung.			n.v.	10	5	n.v.	n.v.			kam-mitte@visana.ch
3313	509	Vivao Sympany AG	Vivao	-	Sympany	yes	nein	yes	Peter Merian-Weg 4\n 4002 Basel\n Tel. 058 262 42 00\n Fax 058 262 42 02\n basel.vivao@sympany.ch\n www.sympany.ch		sympany.png				n.v.	7	5	n.v.	n.v.			 basel.vivao@sympany.ch
\n\nKOMPARU:\nDISREGARD\n\nNicht Erfassen! \nKK Macht nur Taggeld	1179	Caisse-maladie du Personnel \ncommunal de la Ville de Neuchâtel		Ein Angebot der Groupe Mutuel	Groupe Mutuel	nein	nein	nein	Hôtel de Ville\n 2000 Neuchâtel\n Groupe Mutuel\n Caisse-maladie du Personnel communal de \n la Ville de Neuchâtel\n Rue du Nord 5\n 1920 Martigny\n Tel. 0848 803 111\n Fax 0848 803 112\n info@groupemutuel.ch\n www.groupemutuel.ch		groupe_mutuel.png	-			n.v.							info@groupemutuel.ch
\n\nKOMPARU:\nDISREGARD\n\nNicht Erfassen! \nKK Macht nur Taggeld	1402	Taggeldkasse bildende Künstler/Innen\n Caisse d’indemnités journalières\npour artistes		-	-	nein	nein	nein	General Guisan-Quai 40\n Postfach 4338\n 8022 Zürich\n Tel. 01 284 31 13\n Fax 01 284 47 33		-											
\n\nKOMPARU:\nDISREGARD\n\nNicht Erfassen! \nKK Macht nur Taggeld	1491	Gewerbliche Krankenkasse Bern				nein	nein	nein	Neuengasse 20\n Postfach 414\n 3000 Bern 7\n Tel. 031 310 11 11\n Fax 031 310 11 22\n gvb@gewerbebern.ch		no image											gvb@gewerbebern.ch
\n\nKOMPARU:\nDISREGARD\n\nNicht Erfassen! \nKK Macht nur Taggeld	1520	HOTELA Krankenkasse		-	-	nein	nein	nein	Rue de la Gare 18\n 1820 Montreux\n Tel. 021 962 49 49\n Fax 021 962 48 48 \n welcome@hotela.ch\n www.hotela.ch		no image											welcome@hotela.ch
\n\nKOMPARU:\nDISREGARD\n\nNicht Erfassen! \nKK Macht nur Taggeld	1522	Krankenkasse Schweizerischer Metallbaufirmen		-	-	Nein	Nein	nein	Dielsdorferstrasse 1\n Postfach 56\n 8173 Neerach\n Tel. 01 321 55 30\n Fax 01 321 55 52		-											
\n\nKOMPARU:\nDISREGARD\n\nNicht Erfassen! \nKK Macht nur Taggeld	1540	Krankengeldversicherung für \nMitarbeiter der fenaco\nMitgliedgenossenschaften (KGV)		-	-	nein	Nein	nein	Postfach 344\n 8401 Winterthur\n Tel. 052 264 23 20 (21)\n Fax 052 213 67 93		-											
																						
																						
																						
																						
																						
																						
																						
																						
																						
																						
																						
																						
																						
																						
																						
																						
																						
																						
																						
																						
																						
																						
																						
																						
																						
																						
																						
																						
																						
																						
																						
																						
																						
																						
																						
																						
																						
																						
																						
																						
																						
																						
																						
																						
																						
																						
																						
																						
																						
																						
																						
																						
																						
																						
																						
																						
																						
																						
																						
																						
																						
																						
																						
																						
																						
																						
																						
																						
																						
																						
																						
																						
																						
																						
																						
																						
																						
																						
																						
																						
																						
																						
																						
																						
																						
																						
																						
																						
																						
																						
																						
																						
																						
																						
																						
																						
																						
																						
																						
																						
																						
																						
																						
																						
																						
																						
																						
																						
																						
																						
																						
																						
																						
																						
																						
																						
																						
																						
																						
																						
																						
																						
																						
																						
																						
																						
																						
																						
																						
																						
																						
																						
																						
																						
																						
																						
																						
																						
																						
																						
																						
																						
																						
																						
																						
																						
																						
																						
																						
																						
																						
																						
																						
																						
																						
																						
																						
																						
																						
																						
																						
																						
																						
																						
																						
																						
																						
																						
																						
																						
																						
																						
																						
																						
																						
																						
																						
																						
																						
																						
																						
																						
																						
																						
																						
																						
																						
																						
																						
																						
																						
																						
																						
																						
																						
																						
																						
																						
																						
																						
																						
																						
																						
																						
																						
																						
																						
																						
																						
																						
																						
																						
																						
																						
																						
																						
																						
																						
																						
																						
																						
																						
																						
																						
																						
																						
																						
																						
																						
																						
																						
																						
																						
																						
																						
																						
																						
																						
																						
																						
																						
																						
																						
																						
																						
																						
																						
																						
																						
																						
																						
																						
																						
																						
																						
																						
																						
																						
																						
																						
																						
																						
																						
																						
																						
																						
																						
																						
																						
																						
																						
																						
																						
																						
																						
																						
																						
																						
																						
																						
																						
																						
																						
																						
																						
																						
																						
																						
																						
																						
																						
																						
																						
																						
																						
																						
																						
																						
																						
																						
																						
																						
																						
																						
																						
																						
																						
																						
																						
																						
																						
																						
																						
																						
																						
																						
																						
																						
																						
																						
																						
																						
																						
																						
																						
																						
																						
																						
																						
																						
																						
																						
																						
																						
																						
																						
																						
																						
																						
																						
																						
																						
																						
																						
																						
																						
																						
																						
																						
																						
																						
																						
																						
																						
																						
																						
																						
																						
																						
																						
																						
																						
																						
																						
																						
																						
																						
																						
																						
																						
																						
																						
																						
																						
																						
																						
																						
																						
																						
																						
																						
																						
																						
																						
																						
																						
																						
																						
																						
																						
																						
																						
																						
																						
																						
																						
																						
																						
																						
																						
																						
																						
																						
																						
																						
																						
																						
																						
																						
																						
																						
																						
																						
																						
																						
																						
																						
																						
																						
																						
																						
																						
																						
																						
																						
																						
																						
																						
																						
																						
																						
																						
																						
																						
																						
																						
																						
																						
																						
																						
																						
																						
																						
																						
																						
																						
																						
																						
																						
																						
																						
																						
																						
																						
																						
																						
																						
																						
																						
																						
																						
																						
																						
																						
																						
																						
																						
																						
																						
																						
																						
																						
																						
																						
																						
																						
																						
																						
																						
																						
																						
																						
																						
																						
																						
																						
																						
																						
																						
																						
																						
																						
																						
																						
																						
																						
																						
																						
																						
																						
																						
																						
																						
																						
																						
																						
																						
																						
																						
																						
																						
																						
																						
																						
																						
																						
																						
																						
																						
																						
																						
																						
																						
																						
																						
																						
																						
																						
																						
																						
																						
																						
																						
																						
																						
																						
																						
																						
																						
																						
																						
																						
																						
																						
																						
																						
																						
																						
																						
																						
																						
																						
																						
																						
																						
																						
																						
																						
																						
																						
																						
																						
																						
																						
																						
																						
																						
																						
																						
																						
																						
																						
																						
																						
																						
																						
																						
																						
																						
																						
																						
																						
																						
																						
																						
																						
																						
																						
																						
																						
																						
																						
																						
																						
																						
																						
																						
																						
																						
																						
																						
																						
																						
																						
																						
																						
																						
																						
																						
																						
																						
																						
																						
																						
																						
																						
																						
																						
																						
																						
																						
																						
																						
																						
																						
																						
																						
																						
																						
																						
																						
																						
																						
																						
																						
																						
																						
																						
																						
																						
																						
																						
																						
																						
																						
																						
																						
																						
																						
																						
																						
																						
																						
																						
																						
																						
																						
																						
																						
																						
																						
																						
																						
																						
																						
																						
																						
																						
																						
																						
																						
																						
																						
																						
																						
																						
																						
																						
																						
																						
																						
																						
																						
																						
																						
																						
																						
																						
																						
																						
																						
																						
																						
																						
																						
																						
																						
																						
																						
																						
																						
																						
																						
																						
																						
																						
																						
																						
																						
																						
																						
																						
																						
																						
																						
																						
																						
																						
																						
																						
																						
																						
																						
																						
																						
																						
																						
																						
																						
																						
																						
																						
																						
																						
																						
																						
																						
																						
																						
																						
																						
																						
																						
																						
																						
																						
																						
																						
																						
																						
																						
																						
																						
																						
																						
																						
																						
																						
																						
																						
																						
																						
																						
																						
																						
																						
																						
																						
																						
																						
																						
																						
																						
																						
																						
																						
																						
																						
																						
																						
																						
																						
																						
																						
																						
																						
																						
																						
																						
																						
																						
																						
																						
																						
																						
																						
																						
																						
																						
																						
																						
																						
																						
																						
																						
																						
																						
																						
																						
																						
																						
																						
																						
																						
																						
																						
																						
																						
																						
																						
																						
																						
																						
																						
																						
																						
																						
																						
																						
																						
																						
																						
																						
																						
																						
																						
																						
																						
																						
																						
																						
																						
																						
																						
																						
																						
																						
																						
																						
																						
																						
																						
																						
																						
																						
																						
																						
																						
																						
																						
																						
																						
																						
																						
																						
																						
																						
																						
																						
																7	5					