ID - KNIP	ID - BAG	Company	Abreviation	belongs to	Motherhouse	Can be purchased	contract	Can be used for comparison	Adr.	Policy Conditions	Image	descripion_de	description_en	Reviews	Gesamtnote	Tage bis Rückerstattung	Geschwindigkeit \nRückerstattung	Kunden\nzufriedenheit	Knip \nKollaboration	positive 	negative	E-mail\napplication
56	1560	Agrisano Krankenkasse AG	Agrisano	-		Yes	Nein	yes	Agrisano Krankenkasse AG\nLaurstrasse 10\n 5201 Brugg AG\n Tel. 056 461 71 11\n Fax 056 461 71 07\n info@agrisano.ch \n www.agrisano.ch		agrisano.png	Die Agrisano Krankenkasse AG hat drei Kernbereiche – die obligatorische Grundversicherung, die KVG-Taggeldversicherung sowie die Unfallversicherung nach UVG – und zählt bereits über 125'000 Grundversicherte. Diese sind bereit, grösstmöglich eigenverantwortlich zu handeln und dennoch die gegenseitige Solidarität zu respektieren. Diese Verhaltensweise ist hauptverantwortlich für die niedrigen Prämien. Kleine Risiken sollen selber getragen werden. Hingegen gilt es, grosse Risiken ausreichend zu versichern.	 		8.4	3	10.0	8.7	6.7	Speziell für Bauern\nKulturelles Engagement		info@agrisano.ch
48	32	Aquilana Versicherungen	Aquilana	-		Yes 	Nein	yes	Aquilana Versicherungen\nBruggerstrasse 46\n 5401 Baden\n Tel. 056 203 44 44\n Fax 056 203 44 99\n info@aquilana.ch\n www.aquilana.ch		aquilana_baden.png	Der Sitz dieses Unternehmens liegt in Baden, gelegen im Kanton Aargau. Die größten Einnahmen resultieren für das Unternehmen aus der Obligatorischen Krankenpflegeversicherung (OKP). Der Verein hat sich im Besonderen die Zufriedenheit seiner Kunden auf die Fahne geschrieben. Er ist im gesamten Schweizer Raum tätig und beschäftigt insgesamt 38 Mitarbeiter.	 		8.6	4	10.0	9.0	6.7	Kurze Erstattungszeiten\nSistierung bei langen Reisen		info@aquilana.ch
47	1569	Arcosana AG	Arcosana	Ein Angebot der CSS	CSS Versicherung AG	yes	Nein	yes	Tribschenstrasse 21\n6002 Luzern\nTel. 058 277 11 11\nFax 058 277 12 12\ninfo.mail@arcosana.ch\nwww.arcosana.ch		arcosana_css.png	Die Acrosana AG ist eine 100-prozentige Tochtergesellschaft der CSS Gruppe. Die CSS Krankenkasse gehört zur CSS Holding AG. Unter deren Dach befinden sich zudem auch die Versicherer Arcosana, Intras und Sanagate. Die CSS Gruppe mit Sitz in Luzern wurde 1899 gegründet. Das traditionsreiche Unternehmen versichert rund 1,64 Millionen Menschen und zählt mit einem Prämienvolumen von 5,5 Milliarden Franken zu den führenden Schweizer Kranken-, Unfall- und Sachversicherern. In der Grundversicherung ist sie Marktleader: 1,31 Millionen Menschen vertrauen der CSS, die mit 116 Agenturen schweizweit und rund 2700 Mitarbeitenden nahe bei ihren Versicherten ist. Auch im Unternehmensgeschäft nimmt sie eine Spitzenposition ein: Rund 20‘600 Unternehmen und Institutionen sind bei der CSS Gruppe kollektiv versichert.\n\n	 		7.9	8	8.3	8.8	6.7	Grösster Krankenkversicherer\nVertrauenswürdigste Kasse		info.mail@arcosana.ch
23	1542	Assura-Basis SA	Assura	-		Yes	Nein	yes	Avenue C.-F. Ramuz 70\n 1009 Pully\n Tel. 021 721 44 11\n Fax 021 721 46 99\nassura@assura.ch \n www.assura.ch		assura.png	Die Assura ist in der Rechtsform einer Stiftung organisiert. Mit über 700'000 Versicherten ist sie die zweitgrößte Krankenkasse der Schweiz. Sie beschäftigt in der Zentrale in Pully und ihren mittlerweile 13 Niederlassungen über 200 Mitarbeiter. Im Jahr 2010 erzielte das Unternehmen im Bereich der Grundversicherung einen Umsatz von 1,5 Mrd.CHF.\nEines der Unternehmensziele ist es von Anfang an, die Versicherungsprämien so niedrig wie möglich zu halten. Dementsprechend waren die Prämien der Assura in den letzten über 35 Jahren im Durchschnitt am günstigsten.\nSeit 2011 ist das Unternehmen auch in sozialen Netzwerken aktiv. Unter anderem verfügt es über Profile auf Facebook, Twitter und YouTube.	 		6.7	34	5.0	6.9	8.3		Langsame Rückerstattung\nGeringe Kundenzufriedenheit	\nofferte@assura.ch 
6	312	Atupri	Atupri	-		Yes	Yes	yes	Zieglerstrasse 29\n 3000 Bern 65\n Tel. 031 555 09 11\n Fax 031 555 09 12\n info@atupri.ch \n www.atupri.ch		atupri.png	Die Atupri Krankenkasse hat ihren Sitz in Bern, wo sie zugleich auch ein Service Center betreibt. Daneben existieren noch Service Center in Lausanne, Lugano und Luzern. In Fribourg und in Zürich sind zwei Leistungscenter der Stiftung zu finden. So ist das Unternehmen auf dem gesamten Schweizer Markt präsent. Die Atupri Krankenkasse gehört zu den 15 grössten Krankenversicherern der Schweiz. Sie hat sich als erfolgreiche, innovative und finanziell gesunde Unternehmung im Markt gut positioniert. Mit ihren Prämien nimmt Atupri einen sicheren Platz als Krankenversicherer mit einem dauerhaft sehr guten Preis-Leistungs-Verhältnis ein. Daneben können auch noch Kollektiv- und Zusatzversicherungen abgeschlossen werden. 	 		9.6	3	10.0	8.7	10.0	Schnelle Rückerstattung\nUnterstützt Bewegung		info@atupri.ch 
43	1565	Avanex		Ein Angebot der Helsana Gruppe	Helsana Gruppe	nein	Nein	nein	Helsana-Gruppe\navanex Versicherungen AG \nPostfach\n8081 Zürich\nTel. 043 340 11 13\nFax 043 340 01 11\nwww.avanex.ch		avanex_helsana.png	Die Helsana AG mit Sitz in Dübendorf ist ein auf die Krankenversicherung spezialisierter Schweizer Versicherungskonzern. Mit 1,9 Millionen Versicherten und Prämieneinnahmen von 6 Milliarden Schweizer Franken ist die Helsana-Gruppe der führende Kranken- und Unfallversicherer der Schweiz. Die Unternehmensgruppe beschäftigt rund 3000 Mitarbeitende und umfasst fünf operativ tätige Tochtergesellschaften, die auf den Gebieten der Grundversicherung, der Zusatzversicherungen und der Unfallversicherungen tätig sind. Diese treten unter den Namen Helsana, Progrès, Sansan und Avanex als eigenständige Marken am Markt auf. Das Kerngeschäft der Helsana-Gruppe bildet die Grundversicherung nach dem Krankenversicherungsgesetz und generiert damit rund 70 Prozent der gesamten Prämieneinnahmen. Die Sparte Zusatzversicherungen bildet mit 27 Prozent der Prämieneinnahmen das zweite Standbein. Daneben bietet die Gruppe Unternehmen und Verbänden Kollektivtaggeld- und Unfallversicherungen sowie Lösungen in der beruflichen Vorsorge an.\n\n				1						kb1.zuerich@helsana.ch
53	343	Avenir	Avenir	Ein Angebot der Groupe Mutuel	Groupe Mutuel	Yes	Nein	yes	Groupe Mutuel\n Avenir Assurance Maladie\n Rue des Cèdres 5\n 1920 Martigny\n Tel. 0848 803 111\n Fax 0848 803 112\n info@groupemutuel.ch\n www.groupemutuel.ch		avenir_gm.png	Die Groupe Mutuel, Association d’assureurs, vereint mehrere selbstständige Gesellschaften, die in den Bereichen Kranken- und Unfallversicherung, berufliche Vorsorge und Lebensversicherung tätig sind.\nDie Wurzeln der Groupe Mutuel reichen weit zurück: Die Groupe Mutuel wurde 1993 gegründet und ist Erbin des ersten gemeinnützigen Hilfsvereins des Kantons Wallis, der 1852 in St-Maurice (VS) gegründet wurde.\nDie Mitgliedsgesellschaften sind rechtlich selbstständig und haben ihre eigenen Rechtsorgane; die Groupe Mutuel stellt ihnen ihre Personalressourcen und Infrastruktur zur Verfügung. Diese Zusammenlegung von Ressourcen schafft nützliche und fruchtbare Synergien, die allen Partnergesellschaften zugute kommen. Die Groupe Mutuel hat zur Aufgabe, folgende in der obligatorischen Krankenpflegeversicherung tätigen Krankenversicherer zu verwalten und ihre Interessen zu vertreten: Mutuel Krankenversicherung AG, Philos Krankenversicherung AG, Avenir Krankenversicherung AG, EasySana Krankenversicherung AG, SUPRA-1846 SA und AMB. Sie verwaltet auch zwei Privatversicherer für die Zusatzversicherungen: Groupe Mutuel Versicherungen GMA AG und Mutuel Versicherungen AG, sowie die Groupe Mutuel Leben GMV AG.	 		6.3	11	7.5	6.4	5.0		Zu tiefe Solvenzquote\nGeringe Kundenzufriedenheit	info@groupemutuel.ch
\n\nKOMPARU:\nDISREGARD\n\nNicht Erfassen! \nKK Macht nur Taggeld	1179	Caisse-maladie du Personnel \ncommunal de la Ville de Neuchâtel		Ein Angebot der Groupe Mutuel	Groupe Mutuel	nein	nein	nein	Hôtel de Ville\n 2000 Neuchâtel\n Groupe Mutuel\n Caisse-maladie du Personnel communal de \n la Ville de Neuchâtel\n Rue du Nord 5\n 1920 Martigny\n Tel. 0848 803 111\n Fax 0848 803 112\n info@groupemutuel.ch\n www.groupemutuel.ch		groupe_mutuel.png	-										info@groupemutuel.ch
60	1113	Caisse-maladie Vallée d’Entremont	CMVEO	-		Yes	Nein	yes	Place centrale \n Case postale 13\n 1937 Orsières\n Tel. 027 783 25 87\n Fax 027 783 30 18\n cmveo@cmveo.ch\n www.cmveo.ch		caisse_maladie_vallee_entremont	Die Caisse Maladie de la Vallée d'Entremont ist eine Regionale Kasse und haubtsächlich in der Westschweiz tätig, sie zählt ca 50'000 Versicherte. Produkte der Zusatzversicherung werden über die Groupe Mutuel angeboten. 	 		n.v.	8	9.2	-	6.7			cmveo@cmveo.ch
3304	820	Cassa da malsauns LUMNEZIANA	Lumeziana			Yes	Nein	yes	Postfach 41\n 7144 Vella\n Tel. 081 931 35 35\n Fax 081 936 81 66\n info@lumneziana.ch		no image	-	 		7.6	17	6.7	9.6	6.7	Hohe Kundenzufriedenheit	Langsame Rückerstattung	info@lumneziana.ch
3311	1575	Compact Grundversicherungen AG	Compact	Ein Angebot der Sanitas	Sanitas	yes	Yes	yes	Jägergasse 3\n Postfach 2010\n 8021 Zürich\n Tel. 044 298 63 00\n Fax 044 298 62 50\n info@sanitas.com\n www.sanitas.com		compact_sanitas.png	Die Sanitas Krankenversicherung gehört mit über 800'000 Kundinnen und Kunden zu den grössten Krankenkassen der Schweiz und erzielte im Geschäftsjahr 2015 einen Unternehmensgewinn von 19,1 Mio. Franken.\nDie Gruppe verfügt über eine Holdingstruktur und umfasst fünf operativ tätige Tochtergesellschaften, die auf den Gebieten der Grundversicherung (Sanitas, Wincare und Compact) und der Zusatzversicherungen (Sanitas und Wincare) tätig sind. Die in der Rechtsform einer Stiftung organisierte Sanitas Krankenversicherung bildet die Dachgesellschaft.\nDas Kerngeschäft der Sanitas Gruppe ist die Grundversicherung nach demKrankenversicherungsgesetz, die rund 71 Prozent der gesamten Prämieneinnahmen ausmacht. Die Sparte mit den Zusatzversicherungen ist das zweite Standbein.\n\n	 		9.1	7	8.3	8.8	10.0	Hoher Servicestandard\nApp für Abrechnungen		info@sanitas.com
26	290	CONCORDIA	Concordia	-		Yes	Nein	yes	Bundesplatz 15\n 6002 Luzern\n Tel. 041 228 01 11\n Fax 041 228 02 10\n info@concordia.ch \n www.concordia.ch		concordia.png	Die CONCORDIA wurde 1913 in Zug gegründet und nahm ihre Tätigkeit 1914 auf. Sie ist kontinuierlich gewachsen und zählt heute 774’000 Versicherte in der ganzen Schweiz und im Fürstentum Liechtenstein. Sie gehört zu den grössten Krankenversicherern der Schweiz. In Liechtenstein ist sie sogar Marktleaderin..\nAktuell beschäftigt die CONCORDIA rund 1’200 Mitarbeitende in Voll- und Teilzeit: 550 am Hauptsitz in Luzern, die übrigen in vier Servicecentern, in der Landesvertretung Liechtenstein sowie in rund 240 Agenturen und Geschäftsstellen.\nDie CONCORDIA bietet Privatpersonen, Familien, Unternehmen und Institutionen bestmöglichen und verlässlichen materiellen Schutz gegen die finanziellen Folgen von Krankheit und Unfall. Dies mit der obligatorischen Krankenpflegeversicherung gemäss Krankenversicherungsgesetz (KVG), den Zusatz- und Lebensversicherungen nach Versicherungsvertragsgesetz (VVG) und der Unfallversicherung nach dem Gesetz über die Unfallversicherung (UVG). Sie profiliert sich mit erstklassigen Dienstleistungen, einer sicheren finanziellen Basis und speziellen Leistungen für Familien.\n\n	 		8.4	4	10.0	8.4	6.7	Schnelle Rückerstattung\nOnline Kundeportal		info@concordia.ch 
2	8	CSS Krankenversicherung AG	CSS	-	CSS Versicherung AG	Yes	Nein	yes	Tribschenstrasse 21\n Postfach 2568\n 6002 Luzern\n Tel. 058 277 11 11\n Fax 058 277 12 12\n css.info@css.ch\n www.css.ch		css_Versicherungen_ag	Die CSS Krankenkasse gehört zur CSS Holding AG. Unter deren Dach befinden sich zudem auch die Versicherer Arcosana, Intras und Sanagate. Die CSS Gruppe mit Sitz in Luzern wurde 1899 gegründet. Das traditionsreiche Unternehmen versichert rund 1,64 Millionen Menschen und zählt mit einem Prämienvolumen von 5,5 Milliarden Franken zu den führenden Schweizer Kranken-, Unfall- und Sachversicherern. In der Grundversicherung ist sie Marktleader: 1,31 Millionen Menschen vertrauen der CSS, die mit 116 Agenturen schweizweit und rund 2700 Mitarbeitenden nahe bei ihren Versicherten ist. Auch im Unternehmensgeschäft nimmt sie eine Spitzenposition ein: Rund 20‘600 Unternehmen und Institutionen sind bei der CSS Gruppe kollektiv versichert.\n\n	 		8.4	7	8.3	8.4	8.3	Grösster Krankenkversicherer		css.info@css.ch
96	774	Easy Sana	Easy Sana	Ein Angebot der Groupe Mutuel	Groupe Mutuel	Yes	Nein	yes	Groupe Mutuel\n Krankenversicherung Easy Sana\n Rue des Cèdres 5\n 1920 Martigny\n Tel. 0848 803 111\n Fax 0848 803 112\n info@groupemutuel.ch\n www.groupemutuel.ch		Easysana_gm.png	Easy Sana ist eine Tochtergesellschaft der Groupe Mutuel.\nDie Groupe Mutuel ist Nummer 1 der Krankenversicherer in der Westschweiz und liegt mit den 1,45 Millionen Versicherten ihrer sechs Krankenversicherer auch gesamtschweizerisch auf den vordersten Plätzen.Ausserdem ist die Groupe Mutuel im Bereich der Taggeldversicherung, Unfallversicherung, Pensionskasse (BVG) und der Lebensversicherung aktiv und bietet ihren Kunden eine umfassende Palette an Personenversicherungen.Die Groupe Mutuel hat zur Aufgabe, folgende in der obligatorischen Krankenpflegeversicherung tätigen Krankenversicherer zu verwalten und ihre Interessen zu vertreten: Mutuel Krankenversicherung AG, Philos Krankenversicherung AG, Avenir Krankenversicherung AG, EasySana Krankenversicherung AG, SUPRA-1846 SA und AMB. Sie verwaltet auch zwei Privatversicherer für die Zusatzversicherungen: Groupe Mutuel Versicherungen GMA AG und Mutuel Versicherungen AG, sowie die Groupe Mutuel Leben GMV AG.	 		6.6	10	8.3	6.4	5.0		Zu tiefe Solvenzquote\nStarke Prämienerhöhung 2016	 info@groupemutuel.ch
40	881	EGK Grundversicherungen	EGK	-	-	Yes	Nein	yes	Brislachstrasse 2\n Postfach\n 4242 Laufen\n Tel. 061 765 51 11\n Fax 061 765 51 12\n info@egk.ch \n www.egk.ch		egk.png	Die EGK-Gesundheitskasse beschäftigt aktuell 229 Mitarbeiter (Stand: März 2013) und hat ihren Sitz in Laufen im Kanton Basel-Landschaft. Der Geschäftsleiter des Unternehmens ist Dr. Reto Flury, der Präsident des Stiftungsrats ist seit dem Jahr 2004 Alex Kummer.\nIm Jahr 2013 konnte die EGK-Gesundheitskasse einen Jahresumsatz von 498 Mio. CHF erzielen.\nDie Versicherten der EGK-Gesundheitskasse können über die gesetzliche Pflichtkrankenversicherung hinaus private Zusatzversicherungen abschließen. So gibt es die Möglichkeit, mehr zu bezahlen und dafür freie Arztwahl in der Schweiz bei ambulanten Behandlungen zu erhalten. Auch für Auslandsaufenthalte bietet die EGK unterschiedliche Zusatzversicherungen an. Auch wer Wert darauf legt, naturmedizinische Behandlungen von der Krankenkasse bezahlt zu bekommen, kann hierfür eine spezielle Zusatzversicherung abschließen.\nDennoch bleibt die Grundversicherung nach dem Krankenversicherungsgesetz das Hauptgeschäft des Unternehmens: Es nimmt einen Anteil von 78% der gesamten Prämieneinnahmen in Anspruch.	 		7.2	16	6.7	8.2	6.7	Moderne Versicherungsmodelle	Langsame Rückerstattung	 info@egk.ch 
3309	1507	Fondation AMB		Ein Angebot der Groupe Mutuel	Groupe Mutuel	nein	Nein	nein	AMB\nRoute de Verbier 13\n1934 Le Châble\nTél. 058 758 60 70\nFax: 058 758 60 89\nE-mail: info@amb-assurance.ch\n www.amb-assurance.ch		groupe_mutuel.png	Rund 1,2 Millionen (1'190'000) Einzelversicherte sind den Mitgliedskrankenversicherern der Groupe Mutuel für die obligatorische Krankenpflegeversicherung (OKP) angeschlossen. Zählt man die Versicherten mit nur einer privaten Zusatzversicherung dazu, beträgt die Versichertenzahl 1,4 Millionen. Rund 17'000 Unternehmen aus allen Tätigkeitsbereichen vertrauen bei ihren Taggeldversicherungen, Unfallversicherungen und der beruflichen Vorsorge voll und ganz den Versicherern der Groupe Mutuel. Der Umsatz aller Mitgliedsgesellschaften übersteigt 4,6 Milliarden Franken, rund 3,7 Milliarden stammen aus dem Bereich Krankenversicherung. Die Krankenversicherer der Groupe Mutuel bieten umfassende Lösungspakete in der obligatorischen Krankenpflegeversicherung und den Zusatzversicherungen an. Die Groupe Mutuel verwaltet ausserdem zwei Vorsorgestiftungen: die schweizweit tätige Groupe Mutuel Vorsorge und die Walliser Vorsorge, die auf die Unternehmen im Kanton Wallis ausgerichtet ist. Die Groupe Mutuel Leben GMV AG deckt den Bereich Lebensversicherungen ab. Mit ihren verschiedenen Versicherungsgesellschaften ist die Groupe Mutuel, Association d’assureurs, ein umfassendes Unternehmen, das Einzelpersonen sowie Unternehmen mit bedarfsgerechten Versicherungslösungen unterstützt.										info@amb-assurance.ch
62	1386	GALENOS Kranken- und Unfallversicherung\n 	Galenos	-	-	Yes	Yes	yes	Militärstrasse 36\n Postfach\n 8021 Zürich\n Tel. 044 245 88 88 \n Fax 044 245 88 99\n info@galenos.ch \n www.galenos.ch		galenos.png	GALENOS wurde 1908 von Mitgliedern des Schweizerischen Technischen \nVerbandes gegründet, hat sich anfangs 1995 auch für Nichtverbandsmitglieder \ngeöffnet und ist heute ein fairer Partner und eine echte Alternative \nzu den heutigen Grosskassen und zwar zu äusserst attraktiven Bedingungen. \nGALENOS ist eine mittelgrosse, dynamische Kasse mit schlanken Strukturen in \nin der Verwaltung. Für weniger Prämien mehr Leistungen. Der kundenfreundliche \nService der GALENOS ist sprichwörtlich. \n\n	 		8.6	12	7.5	8.4	5.0	Hoher Servicestandard\nSportsponsor		info@galenos.ch
\n\nKOMPARU:\nDISREGARD\n\nNicht Erfassen! \nKK Macht nur Taggeld	1491	Gewerbliche Krankenkasse Bern				nein	nein	nein	Neuengasse 20\n Postfach 414\n 3000 Bern 7\n Tel. 031 310 11 11\n Fax 031 310 11 22\n gvb@gewerbebern.ch		no image											gvb@gewerbebern.ch
63	780	Glarner Krankenversicherung 	Glarner			Yes	Nein	yes	Glarner Kranekversicherung \nSernftalstrasse 33\n8762 Schwanden \n Tel. 055 642 25 25\n Fax 055 642 25 45\n info@glkv.ch \n www.glkv.ch		glarner_krankenversicherung.png	Heute hat die Glarner Krankenversicherung zwei Standorte in Elm, dem Hauptsitz und in Luchsingen mit einer Nebenstelle. Da die Versicherung sich noch immer im Wachstum befindet, werden auch immer wieder Stellen und Ausbildungsplätze angeboten. Im Gebiet Glarus hat die Glarner Krankenversicherung zudem einen Marktanteil von 17,9 %, ist aber auch in den Gebieten Graubünden, Uri, St. Gallen und Schwyz tätig. Die Glarner Versicherung hatte laut Geschäftsbericht im Jahr 2012 einen Zuwachs von 251 Mitgliedern und wies im gleichen Jahr einen Gewinn von CHF 781.180,29 auf.\nZwei Standorte mit insgesamt sechs Mitarbeitern betreuen die Krankenversicherten kundennah und persönlich. Da es sich um eine kleine Versicherungsgesellschaft handelt, sind alle Kunden natürlich den Mitarbeitern auch bekannt. Neben der Grundversicherung bietet die Glarner Krankenversicherung auch einige interessante Zusatzversicherungen an. So kann der Versicherte sich zum Beispiel für Zusatzversicherungen für die Kosten von Brillen, Zahnersatzkosten oder auch Naturheilverfahren entscheiden. Diese Kosten werden von vielen Krankenkassen gar nicht erst berücksichtigt oder übernommen. Aber die Glarner Krankenversicherung ist nicht nur eine reine Krankenkasse, die die Kosten einer Behandlung übernimmt. Der Kunde kann sich hier auch für eine eventuelle Invalidität bedingt durch einen Unfall oder eine Krankheit versichern lassen, Unternehmen oder Einzelpersonen können eine Erwerbsausfall-Versicherung abschließen und bei Bedarf in Anspruch nehmen. 	 		8.3	5	10.0	8.3	6.7	Schnelle Erstattung	Starke Prämienerhöhung 2016	info@glkv.ch
28	1479	Groupe Mutuel	Groupe Mutuel		Groupe Mutuel	yes	Nein	yes	Groupe Mutuel\n Mutuel Assurances\n Rue des Cèdres 5\n 1920 Martigny\n Tel. 0848 803 111\n Fax 0848 803 112\n info@groupemutuel.ch\n www.groupemutuel.ch		groupe_mutuel.png	Die Groupe Mutuel ist Nummer 1 der Krankenversicherer in der Westschweiz und liegt mit den 1,45 Millionen Versicherten ihrer sechs Krankenversicherer auch gesamtschweizerisch auf den vordersten Plätzen.Ausserdem ist die Groupe Mutuel im Bereich der Taggeldversicherung, Unfallversicherung, Pensionskasse (BVG) und der Lebensversicherung aktiv und bietet ihren Kunden eine umfassende Palette an Personenversicherungen.Die Groupe Mutuel hat zur Aufgabe, folgende in der obligatorischen Krankenpflegeversicherung tätigen Krankenversicherer zu verwalten und ihre Interessen zu vertreten: Mutuel Krankenversicherung AG, Philos Krankenversicherung AG, Avenir Krankenversicherung AG, EasySana Krankenversicherung AG, SUPRA-1846 SA und AMB. Sie verwaltet auch zwei Privatversicherer für die Zusatzversicherungen: Groupe Mutuel Versicherungen GMA AG und Mutuel Versicherungen AG, sowie die Groupe Mutuel Leben GMV AG.	 		6.6	10	8.3	6.4	5.0		Geringe Kundenzufriedenheit\nZu tiefe Solvenzquote	info@groupemutuel.ch
5	1562	Helsana Versicherungen AG\n	Helsana	-	Helsana	Yes	Nein	yes	Helsana-Gruppe\n Helsana Versicherungen AG\n Postfach\n 8081 Zürich\n Tel. 043 340 11 11\n Fax 043 340 01 11\n www.helsana.ch		helsana.png	Die Helsana-Gruppe engagiert sich als vertrauenswürdige Schweizer Kranken- und Unfallversicherung für die Gesundheit und Vorsorge von Privaten und Unternehmen. Das Unternehmen ist eine nicht börsenkotierte Aktiengesellschaft und als Holding organisiert. Unter dem Holdingdach betreiben die Gesellschaften Helsana, Progrès, Sansan und Avanex das operative Geschäft. Helsana beschäftigt schweizweit über 3000 Mitarbeitende und nimmt mit einem Prämienvolumen von sechs Milliarden Franken im Schweizer Versicherungsmarkt eine führende Position ein.\n\nHelsana schützt 1,9 Millionen Menschen gegen die finanziellen Folgen von Krankheit, Unfall, Mutterschaft und Pflegebedürftigkeit im Alter. Mit einem breiten Angebot in den Bereichen Grund-, Zusatz- und Unfallversicherung engagiert sich Helsana für das Leben jedes Einzelnen.	 		7.9	1	10.0	8.7	5.0	Schnelle Rückerstattung	Im Streit mit Spitälern	kb1.zuerich@helsana.ch
\n\nKOMPARU:\nDISREGARD\n\nNicht Erfassen! \nKK Macht nur Taggeld	1520	HOTELA Krankenkasse		-	-	nein	nein	nein	Rue de la Gare 18\n 1820 Montreux\n Tel. 021 962 49 49\n Fax 021 962 48 48 \n welcome@hotela.ch\n www.hotela.ch		no image											welcome@hotela.ch
3310	1573	Indivo Versicherungen AG\n(IST NICHT AKTIV)		Ein Angebot der Helsana	Helsana Gruppe	nein	nein	nein	Helsana Gruppe\nindivo Versicherungen AG\nPostfach\n8081 Zürich\nTel. 043 340 11 17\nFax 043 340 01 17\nwww.indivo.ch		helsana.png											
13	1529	INTRAS Kranken-Versicherung AG	Intras	Ein Angebot der CSS	CSS Versicherung AG	Yes	Nein	yes	Tribschenstrasse 21\n Postfach 2568\n 6002 Luzern\n Tel. 058 277 11 11\n Fax 058 277 12 12\ncss.info@css.ch \n www.css.ch		intras_css.png	Die CSS Krankenkasse gehört zur CSS Holding AG. Unter deren Dach befinden sich zudem auch die Versicherer Arcosana, Intras und Sanagate. Die CSS Gruppe mit Sitz in Luzern wurde 1899 gegründet. Das traditionsreiche Unternehmen versichert rund 1,64 Millionen Menschen und zählt mit einem Prämienvolumen von 5,5 Milliarden Franken zu den führenden Schweizer Kranken-, Unfall- und Sachversicherern. In der Grundversicherung ist sie Marktleader: 1,31 Millionen Menschen vertrauen der CSS, die mit 116 Agenturen schweizweit und rund 2700 Mitarbeitenden nahe bei ihren Versicherten ist. Auch im Unternehmensgeschäft nimmt sie eine Spitzenposition ein: Rund 20‘600 Unternehmen und Institutionen sind bei der CSS Gruppe kollektiv versichert.\n	 		7.8	7	8.3	8.3	6.7	Grösster Krankenkversicherer\nVertrauenswürdigste Kasse		info.serviceline@css.ch
80	1040	KKV Krankenkasse Visperterminen	KKV	-	-	Yes	Nein	yes	Wierastrasse \n 3932 Visperterminen\n Tel. 027 948 00 50\n Fax 027 948 00 51\n kkv@visperterminen.ch \n www.kkv.ch		kkv.png	Die KKV Krankenkasse mit Sitz in Visperterminen (Kanton Wallis) ist ein lokal und regional fest verankerter Kranken- und Unfallversicherer in der Region Oberwallis. Da die Krankenkasse im Vergleich zu anderen Kassen relativ klein ist, steht für die KKV besonders die persönliche Beziehung zu ihren Kunden und die individuelle Beratung im Vordergrund.\nDurch die kostengünstigen Strukturen und geringen Verwaltungsapparat sowie dem Verzicht auf ein kostspieliges Agentur- und Beraternetzwerk kann die KKV ihre Kosten relativ gering halten. Die Kostenersparnis gibt die Versicherungen in Form von niedrigeren Prämien an ihre Kunden weiter.	 		n.v.		10.0	-	6.7	Schnelle Rückerstattung		kkv@visperterminen.ch 
65	829	KluG Krankenversicherung	KluG	-	-	Yes	Nein	yes	Gubelstrasse 22\n 6300 Zug\n Tel. 041 724 32 78\n Fax 041 724 20 45 \n team.klug@klug.ch\n www.klug.ch		klug_versicherungen.png	Die Klug Krankenversicherung ist eine kleines Unternehmen, das die Patienten individuell betreut, dafür aber auch erstklassige Leistungen erbringen möchten. Aufgrund eines günstigen Verwaltungsapparates sieht sich die Leitung der Klug Krankenversicherung dazu imstande, tiefe Prämien von den Versicherten zu verlangen. Die Klug Krankenversicherung bietet Versicherungen für Privatpersonen, Familien oder auch Unternehmen an. 	 		8.3	4	10.0	8.2	6.7	Schnelle Rückerstattung	Zu tiefe Solvenzquote	team.klug@klug.ch
66	1328	kmu-Krankenversicherung \n(IST AB 01.01.2017 aufgelöst)		-	-	nein	Nein	nein	Bachtelstrasse 5\n 8400 Winterthur\n Tel. 052 269 12 60\n Fax 052 269 12 65\n info@kmu-kv.ch \n www.kmu-kv.ch		kmu_krankenversicherung.png	Mit nur 12 Mitarbeitern ist die KMU ein sehr kleines Unternehmen, das etwa 8000 Versicherte und circa 50 Firmen betreut. Dadurch kommt es in der KMU Krankenversicherung vor allem zu einem sehr persönlichen Kontakt zwischen Kunde und Mitarbeiter. Noch heute hat die KMU ihren Sitz in Winterthur, betreut die Kunden aber auch telefonisch und über das Internet auch an allen anderen Stand- und Wohnorten. Neben der Grundversicherung werden auch viele Zusatzversicherungen angeboten, wie natürlich eine Unfallversicherung, eine Zahnersatzversicherung oder auch eine Rechtsschutzversicherung für gesundheitliche Rechtsfragen. Auch Erwerbsunfall- oder Reisekrankenversicherungen können hier abgeschlossen werden. Das Jahr 2012 schloss die KMU mit einem Gesamtgewinn von 1.250.561 CHF ab.										info@kmu-kv.ch 
30	762	Kolping Krankenkasse AG	Kolping		Sympany	yes	nein	yes	Wallisellenstrasse55\n8600 Dübendorf\nTel. 044 824 80 70\nFax 044 824 80 99\ninfo@mykolping.ch\nwww.mykolping.ch		kolping.png	Die Kolping Krankenkasse AG ist ein gesamtschweizerisch tätiger Kranken- und Unfallversicherer. Sie schützt seit über 130 Jahren Menschen vor den finanziellen Folgen von Krankheit und Unfall und begleitet Sie in allen Lebenslagen. Seit dem 01.07.2016 ist die Kolping Krankenkasse AG eine Tochtergesellschaft der Stiftung Sympany.\nSchlanke Strukturen und kurze Entscheidungswege kombiniert mit der hohen Fachkompetenz der Mitarbeitenden prägen die Kolping Krankenkasse AG. Als kleiner Versicherer mit mehreren Geschäftsstellen in der ganzen Schweiz ist Kolping nahe am Kunden. Dies ist mit ein Grund für die hohe Kundenzufriedenheit, welche bereits mehrfach von Comparis ausgezeichnet wurde. Auch in Zukunft wird Kolping sich dafür einsetzen, dem Kunden qualitativ hochwertige und zukunftsgerichtete Produkte und Dienstleistungen anzubieten.	 		8.1	7	8.3	9.2	6.7	Hohe Kundenzufriedenheit	Zu tiefe Solvenzquote	info@mykolping.ch
4	376	KPT Krankenkasse AG	KPT	-	-	Yes	Nein	yes	Tellstrasse 18\n Postfach 8624\n 3001 Bern\n Tel. 058 310 91 11\n Fax 058 310 86 35\n kpt@kpt.ch \n www.kpt.ch		kpt_cpt.png	Die KPT CPT Holding AG ist eine grosse Versicherung mit Hauptsitz in Bern und betreut ca. 430.000 Versicherte.\nK für Kompetenz, P für persönlich und T für Transparenz. Diesen Grundsatz leben die Mitarbeiter auch täglich bei ihrer Arbeit. Neben der Grundversicherung und der Unfallversicherung bietet die Holding AG auch Zusatzversicherungen an. Prämien kann ein Kunde sparen, wenn er seine gesamte Kundenverbindung online abwickelt.	 		7.9	5	10.0	7.1	6.7	Schnelle Rückerstattung	Mittlere Kundenzufriedneheit	kpt@kpt.ch 
3254	134	Kranken- und Unfallkasse\nBezirkskrankenkasse Einsiedeln	KK Einsiedeln 	-	-	yes	nein	yes	Hauptstrasse 61\n Postfach 57\n 8840 Einsiedeln\n Tel. 055 412 23 18\n Fax 055 412 88 34\n info@kkeinsiedeln.ch\n www.kkeinsiedeln.ch		krankenkasse_einsiedeln.png		 		n.v.	5	10.0	-	5.0	Schnelle Rückerstattung		info@kkeinsiedeln.ch
\n\nKOMPARU:\nDISREGARD\n\nNicht Erfassen! \nKK Macht nur Taggeld	1540	Krankengeldversicherung für \nMitarbeiter der fenaco\nMitgliedgenossenschaften (KGV)		-	-	nein	Nein	nein	Postfach 344\n 8401 Winterthur\n Tel. 052 264 23 20 (21)\n Fax 052 213 67 93		-											
67	1322	Krankenkasse Birchmeier	Birchmeier	-		Yes	Nein	yes	Hauptstrasse 22\n 5444 Künten\n Tel. 056 485 60 40\n Fax 056 485 60 45\n info@kkbirchmeier.ch\n www.kkbirchmeier.ch		krankenkasse_birchmeier.png	Heute bietet die Kasse ihren Versicherten ein ganzheitliches und attraktives Leistungsangebot. Personen, die im Kanton Aargau wohnen, können je nach persönlichen Wünschen und Bedürfnissen Bausteine einer Grundversicherung, Zusatzversicherungen (ambulant), Spitalversicherungen (stationär), Zahnversicherungen, Patientenrechtsschutzversicherungen, Risikokapitalversicherung, Ferien- und Reiseversicherung und der Klassiker Taggeldversicherung angeboten werden. Engagierte und gut ausgebildeten Mitarbeiter der Krankenversicherung Birchmeier legen Wert auf eine hohe Beratungs- und Dienstleistungsqualität gegenüber den Versicherten.	 		8.1	6	8.3	9.2	6.7	Hohe Kundenzufriedenheit	Starke Prämienerhöhung 2016	info@kkbirchmeier.ch
3306	1142	Krankenkasse Institut Ingenbohl				nein	nein	nein	Postfach 57\n8840 Einsiedeln\nTel.041 825 22 37\nFax 055 412 88 34\nkkingenbohl@hin.ch		-											info@kkeinsiedeln.ch
49	360	Krankenkasse Luzerner Hinterland	KK Luzerner Hinterland	-	-	Yes	Nein	yes	Luzernstrasse 19\n 6144 Zell\n Tel. 041 989 70 00\n Fax 041 989 70 01\n info@kklh.ch \n www.kklh.ch		luzerner_hinterland.png	Die Krankenkasse Luzerner Hinterland, mit Sitz in Zell, zählt heute rund 24'700 Mitglieder und ist in zehn Kantonen tätig. Hauptaugenmerk wird auf die Region Luzerner Landschaft gelegt. Mit der Mitgliederzahl gehört die Kasse noch immer zu den kleineren Krankenversicherern. Dies entspricht jedoch genau dem Motto der Kasse: „Qualität vor Wachstum“.	 		7.1	6	8.3	8.0	5.0	Regionaler Fokus	Starke Prämienerhöhung 2016	info@kklh.ch 
\n\nKOMPARU:\nDISREGARD\n\nNicht Erfassen! \nKK Macht nur Taggeld	1522	Krankenkasse Schweizerischer Metallbaufirmen		-	-	Nein	Nein	nein	Dielsdorferstrasse 1\n Postfach 56\n 8173 Neerach\n Tel. 01 321 55 30\n Fax 01 321 55 52		-											
3308	1362	Krankenkasse Simplon		-	-	nein	nein	nein	3907 Simplon-Dorf\n Tel. 027 979 14 39 \n Fax 027 979 14 39\n kk.simplondorf@rhone.ch		-											kk.simplondorf@rhone.ch
75	923	Krankenkasse SLKK	SLKK	-	-	Yes	Yes	yes	Hofwiesenstrasse 370\n Postfach 5652\n 8050 Zürich\n Tel. 044 368 70 30\n Fax 044 368 70 47\n info@slkk.ch\n www.slkk.ch		slkk.png	Die Krankenkasse SLKK verzichtet im Interesse einer optimalen Betreuung ihrer Kunden und der Kundennähe bewusst darauf, in der Westschweiz und im Tessin tätig zu sein. Die SLKK Versicherung versichert traditionsgemäss Personen des Mittelstandes. Sie ist finanziell kerngesund und legt grossen Wert darauf, dass dies so bleibt. Sie will deshalb auch nicht als „Billigkasse“ auftreten, sondern ihren Versicherten jetzt und in Zukunft optimale Versicherungsleistungen zu moderaten Prämien anbieten. \nDie Kasse verzichtet bewusst auf aggressive Methoden der Kundenakquisition und zieht es vor, mit ihren Versicherten ein langfristiges Vertrauensverhältnis aufzubauen und zu pflegen. \n	 		8.4	19	6.7	8.6	10.0	Serviceorientierung\nHohe Kundenzufriedenheit		info@slkk.ch
68	246	Krankenkasse Steffisburg	KK Steffisburg	-	-	Yes	Nein	yes	Unterdorfstrasse 37\n Postfach\n 3612 Steffisburg\n Tel. 033 439 40 20\n Fax 033 439 40 29\n info@kkst.ch \n www.kkst.ch		krankenkasse_steffisburg.png	Die Krankenkasse Steffisburg ist eine regional tätige Krankenkasse. Sie hat Ihren Hauptsitz, wie der Name schon sagt, in Steffisburg und ist dort überwiegend regional tätig. Aber natürlich ist sie auch über zentrale Telefonnummer und den E-Mail-Kontakt zu erreichen. Die Krankenkasse Steffisburg ist eine sehr kleine Versicherung mit gerade mal einem Geschäftsführer sowie acht Mitarbeitern und Mitarbeiterinnen. Hier ist vor allem eine persönliche Beratung der Versicherten gewährleistet. Neben der Grundversicherung sowie der Unfallversicherung bietet die Krankenkasse Steffisburg natürlich auch viele Zusatzversicherungen an, zum Beispiel eine Zahnkostenversicherung oder eine Versicherung, mit der eventuelle Krankenhauskosten und Rettungskosten abgegolten werden. Dem Unternehmen ist es vor allem wichtig, sich gerade für die Anliegen Ihrer Versicherten stark zu machen. Dieses Konzept verfolgt sie nun seit über 150 Jahren. In dem Geschäftsbericht von 2012 kann man jedoch ersehen, dass der Versichertenbestand um ungefähr 21 % zum Vorjahr zurückgegangen ist. Das Jahr 2012 schloss mit einem Gewinn von 689.133,52 CHF ab. Dies waren circa 40 % Gewinn weniger als im Vorjahr.	 		7.9	6	8.3	8.8	6.7	Servicequalität	Kleine Krankenkasse	info@kkst.ch 
77	1331	Krankenkasse Stoffel	KK Stoffel			yes	Nein	yes	Bahnhofstrasse 63\n 8887 Mels\n Tel. 081 723 56 09\n Fax 081 723 76 55\n info@kkstoffel.ch\n www.kkstoffel.ch		krankenkasse_stoffel.png	Die Krankenkasse Stoffel Mels wurde 1885 als Betriebskrankenkasse der Firma Stoffel und Co. Spinnerei und Weberei in Mels gegründet. Einige Jahre vor der Stilllegung des Betriebes konnten auch Nichtbetriebsangehörige sich bei der Krankenkasse versichern. Die Tätigkeit der Kasse ist auf die Kantone St. Gallen, Graubünden und Glarus beschränkt\nDie Kasse zählt rund 1'500 Mitglieder versicherte. Am Geschäftssitz in Mels arbeiten 2 Personen mit 1.3 Stellenprozenten. Die Stärken der Krankenkasse Stoffel liegt in der Konzentration der Geschäftstätigkeit auf das Sarganserland als Kerngebiet und der persönlichen Betreuung vor Ort. Durch eine schlanke, kleine Organisation können die Verwaltungskosten niedrig gehalten werden und damit die Prämien entlastet werden. \nDie Krankenkasse Stoffel Mels versichert die Risiken aus der obligatorischen Krankenpflegeversicherung und der freiwillige Taggeldversicherung KVG. Das Angebot umfasst die ordentliche Krankenpflegeversicherung (Franchise CHF 300.00) und die Krankenpflegeversicherung mit wählbaren Franchisen. Alternative Versicherungsmodelle wie Hausarzt werden ebenfalls angeboten. Die Zusatzversicherungen werden über die Helsana abgeschlossen.\n	 		7.6	3	10.0	6.0	6.7	Schnelle Rückerstattung	Geringe Kundenzufriedenheit	info@kkstoffel.ch
3307	1147	Krankenkasse Turbenthal				nein	Nein	nein	Tösstalstrasse 147\n 8488 Turbenthal\n Tel. 052 385 33 65		-											
61	558	Krankenversicherung Flaachtal AG	Flaachtal	Ein Angebot der ÖKK	Ökk	yes	Nein	yes	Bahnhofstrasse 13\n 7302 Landquart\n Tel. 058 456 10 10\n Fax 058 456 10 11\n info@oekk.ch \n www.oekk.ch		flaachtal_okk.png	ÖKK ist ein schweizweit tätiges Versicherungsunternehmen. Über 180'000 Privatpersonen sowie 16'000 Unternehmen und öffentliche Institutionen vertrauen auf ÖKK. Das gesamte jährliche Prämienvolumen beläuft sich auf mehr als 700 Millionen Franken.\nÖKK bietet umfassende Versicherungslösungen. Dazu gehören Produkte und Dienstleistungen aus den Bereichen Krankheit, Unfall, Erwerbsausfall und berufliche Vorsorge. Zusammen mit Partnerfirmen deckt ÖKK auch die Bereiche Lebens-, Haftpflicht- und Sachversicherungen ab.\nDank der dezentralen Struktur mit 35 Agenturen sind Kundinnen und Kunden bei ÖKK gut aufgehoben, werden persönlich und kompetent beraten\n	 		9.1	4	10.0	8.8	8.3	Grosses Agenturnetz\nSchnelle Rückerstattung		info@oekk.ch 
33	57	Moove Sympany AG	Moove	Ein Angebot der Sympany	Sympany	yes	Nein	yes	Peter Merian-Weg 4 \n4002 Basel\nTel. 058 262 30 00\ninfo.moove@sympany.ch\nwww.sympany.ch		move_sympany.png	Sympany setzt sich seit über 100 Jahren für Privatpersonen und Unternehmen ein. Sie bietet sowohl Kranken- und Unfallversicherungen als auch Sach- und Haftpflichtversicherungen an. Ihr Hauptsitz befindet sich in Basel.\nSympany betreut mit 466 Mitarbeitenden rund 216'000 Privatkunden, davon rund 163'000 Grundversicherte. Im Bereich Unternehmenskunden betreut Sympany rund 6700 Firmen.\nKunden profitieren vom ersten Überschussmodell in der Schweizer Krankenversicherung, das für Grundversicherung und Zusatzversicherung gilt. Dieses Modell sieht Rückzahlungen vor, wenn die Kosten für medizinische Behandlungen tiefer ausfallen als bei der Festsetzung der Prämien erwartet.\n\n\n	 		7.9	9	8.3	8.7	10.0	App für Abrechnungen\nBis 25 Jahre gratis baden		partnervertrieb@sympany.ch
21	455	ÖKK 	ÖKK 	-	Ökk	Yes	Nein	yes	Bahnhofstrasse 13\n 7302 Landquart\n Tel. 058 456 10 10\n Fax 058 456 10 11\n info@oekk.ch \n www.oekk.ch		okk.png	ÖKK ist ein schweizweit tätiges Versicherungsunternehmen. Über 180'000 Privatpersonen sowie 16'000 Unternehmen und öffentliche Institutionen vertrauen auf ÖKK. Das gesamte jährliche Prämienvolumen beläuft sich auf mehr als 700 Millionen Franken.\nÖKK bietet umfassende Versicherungslösungen. Dazu gehören Produkte und Dienstleistungen aus den Bereichen Krankheit, Unfall, Erwerbsausfall und berufliche Vorsorge. Zusammen mit Partnerfirmen deckt ÖKK auch die Bereiche Lebens-, Haftpflicht- und Sachversicherungen ab.\nDank der dezentralen Struktur mit 35 Agenturen sind Kundinnen und Kunden bei ÖKK gut aufgehoben, werden persönlich und kompetent beraten	 		9.1	2	10.0	8.8	8.3	Grosses Agenturnetz\nSchnelle Rückerstattung		info@oekk.ch 
97	1535	Philos Krankenversicherung AG\n 	Philos	Ein Angebot der Groupe Mutuel	Groupe Mutuel	Yes	Nein	yes	Groupe Mutuel\n Philos Caisse maladie-accident\n Rue des Cèdres 5\n 1920 Martigny\n Tel. 0848 803 111\n Fax 0848 803 112\n info@groupemutuel.ch\n www.groupemutuel.ch		Philos_gm.png	Die Philos Krankenversicherng AG ist eine Tochtergesellschaft der Groupe Mutuel.\nDie Groupe Mutuel ist Nummer 1 der Krankenversicherer in der Westschweiz und liegt mit den 1,45 Millionen Versicherten ihrer sechs Krankenversicherer auch gesamtschweizerisch auf den vordersten Plätzen.Ausserdem ist die Groupe Mutuel im Bereich der Taggeldversicherung, Unfallversicherung, Pensionskasse (BVG) und der Lebensversicherung aktiv und bietet ihren Kunden eine umfassende Palette an Personenversicherungen.Die Groupe Mutuel hat zur Aufgabe, folgende in der obligatorischen Krankenpflegeversicherung tätigen Krankenversicherer zu verwalten und ihre Interessen zu vertreten: Mutuel Krankenversicherung AG, Philos Krankenversicherung AG, Avenir Krankenversicherung AG, EasySana Krankenversicherung AG, SUPRA-1846 SA und AMB. Sie verwaltet auch zwei Privatversicherer für die Zusatzversicherungen: Groupe Mutuel Versicherungen GMA AG und Mutuel Versicherungen AG, sowie die Groupe Mutuel Leben GMV AG.	 		6.3	11	7.5	6.4	5.0		Langsame Rückerstattung\nZu tiefe Solvenzquote	info@groupemutuel.ch
87	994	Progrès Versicherungen AG	Progrès	Ein Angebot der Helsana Gruppe	Helsana	Yes	Nein	yes	Helsana-Gruppe\nProgrès Versicherungen AG\nPostfach\n8081 Zürich\nTel. 043 340 11 12\nFax 043 340 01 11\nwww.progres.ch		progres_helsana.png	Die Helsana-Gruppe engagiert sich als vertrauenswürdige Schweizer Kranken- und Unfallversicherung für die Gesundheit und Vorsorge von Privaten und Unternehmen. Das Unternehmen ist eine nicht börsenkotierte Aktiengesellschaft und als Holding organisiert. Unter dem Holdingdach betreiben die Gesellschaften Helsana, Progrès, Sansan und Avanex das operative Geschäft. Helsana beschäftigt schweizweit über 3000 Mitarbeitende und nimmt mit einem Prämienvolumen von sechs Milliarden Franken im Schweizer Versicherungsmarkt eine führende Position ein.\n\nHelsana schützt 1,9 Millionen Menschen gegen die finanziellen Folgen von Krankheit, Unfall, Mutterschaft und Pflegebedürftigkeit im Alter. Mit einem breiten Angebot in den Bereichen Grund-, Zusatz- und Unfallversicherung engagiert sich Helsana für das Leben jedes Einzelnen.\n	 		7.8	1	10.0	8.5	5.0	Schnelle Rückerstattung	Im Streit mit Spitälern	kb1.zuerich@helsana.ch
71	182	PROVITA Gesundheitsversicherung AG	Provita	Ein Angebot der SWICA 	Swica	yes	Nein	yes	c/o\nSWICA Krankenversicherung AG\nRömerstrasse 38\n8401 Winterthur\nTel.052 244 22 33\nFax 052 244 22 90 \ninfo@provita.ch\nwww.provita.ch		provita_swica.png	PROVITA Gesundheitsversicherung AG ist eine Tochtergesellschaft der Swica.\n\nSWICA ist eine der führenden Kranken- und Unfallversicherungen der Schweiz mit rund 1,3 Millionen Versicherten und 26 750 Unternehmenskunden. \n\nSWICA bietet ihren Kunden dauerhaft finanzielle Sicherheit und eine optimale medizinische Versorgung bei Krankheit, Unfall und Mutterschaft. \n\nSWICA ist die einzige Gesundheitsorganisation mit einer integralen Dienstleistungskette bei allen Fragen zur Gesundheit – von der medizinischen Versorgung über die kompetente Begleitung erkrankter oder verunfallter Menschen bis hin zur Gesundheitsförderung in Betrieben.	 		8.6	2	10.0	9.0	6.7	Schnelle Rückerstattung\nHohe Kundenzufriedenheit		swica@swica.ch 
73	1401	rhenusana	rhenusana	-	-	Yes	Nein	yes	Heinrich-Wild-Strasse 210\n Postfach\n 9435 Heerbrugg\n Tel. 071 727 88 00\n Fax 071 727 88 99\n info@rhenusana.ch\n www.rhenusana.ch		rhenusana.png	Rhenusana ist eine unabhängige Krankenkasse im St. Galler Rheintal und in erster Linie für die Ostschweizer Bevölkerung und Wirtschaft da. Die Kasse ist im Bereich der obligatorischen und freiwilligen Krankenversicherung tätig. Die Kasse steht für Ehrlichkeit, Fairness und Offenheit und beachtet bei Entscheidungen das Wohl der Betroffenen. Rhenusana betreut die Kunden persönlich und kompetent, entscheidet flexibel und unbürokratisch. Als vertrauenswürdiger Partner bieten die Kasse zeitgemässe Versicherungsprodukte an und strebt nach hoher Servicequalität.\nDie Kasse erbringt Leistungen, die nicht zu ihrer Kernkompetenz gehören, in Zusammenarbeit mit Partnern.\n\n	 		8.8	4	10.0	9.6	6.7	Schnelle Rückerstattung		info@rhenusana.ch
83	1568	sana24 AG	Sana24	Ein Angebot der Visana 	Visana	Yes	Nein	yes	Weltpoststrasse 19/21\n Postfach 253\n 3000 Bern 15\n Tel. 031 357 91 11\n Fax 031 357 96 22\n info@visana.ch\n www.visana.ch		sana24_visana.png	Sana24 ist ein Unternehmen von der Visana Gruppe.\nVisana ist der Service-Leader unter den Schweizer Kranken- und Unfallversicherern. Die Kasse ist für ihre Kundinnen und Kunden eine serviceorientierte, zuverlässige Partnerin mit einem hohen Qualitätsanspruch und einem umfassenden Leistungsangebot.\nDie Visana-Gruppe gehört  mit rund 1,1 Millionen Versicherten, 1300 Mitarbeitenden und 120 Geschäftsstellen zu den grössten Kranken- und Unfallversicherern der Schweiz. Die Kasse versichert Privatkunden (Einzelpersonen und Familien) und Firmenkunden (Unternehmen, Institutionen, Vereine und Verbände) und bietet die obligatorische Grundversicherung (OKP) nach Krankenversicherungsgesetz (KVG), Zusatzversicherungen und Sachversicherungen nach Versicherungsvertragsgesetz (VVG) und Unfallversicherungen nach Unfallversicherungsgesetz (UVG) an.\n	 		9.4	5	10.0	8.3	10.0	Schnelle Rückerstattung\nStabile Prämien		kam-mitte@visana.ch
52	1577	Sanagate AG	Sanagate	Ein Angebot der CSS	CSS Versicherung AG	Yes	Nein	yes	Tribschenstrasse 21\n Postfach 2568\n 6002 Luzern\n Tel. 0800 347 358\n Fax 058 911 80 33\n office.de@sanagate.ch\n www.sanagate.ch		sanagate_css.png	Die Sanagate AG ist eine 100-prozentige Tochtergesellschaft der CSS Gruppe\nAls Online- und Direktversicherer verzichtet die Sanagate AG komplett auf Zweigstellen oder ein ausgebautes Filial- oder Beraternetz. Eckpfeiler der Strategie der Sanagate sind schlanke Strukturen, einfach und übersichtliche Versicherungsprodukte. \nDie CSS Krankenkasse gehört zur CSS Holding AG. Unter deren Dach befinden sich zudem auch die Versicherer Arcosana, Intras und Sanagate. Die CSS Gruppe mit Sitz in Luzern wurde 1899 gegründet. Das traditionsreiche Unternehmen versichert rund 1,64 Millionen Menschen und zählt mit einem Prämienvolumen von 5,5 Milliarden Franken zu den führenden Schweizer Kranken-, Unfall- und Sachversicherern. In der Grundversicherung ist sie Marktleader: 1,31 Millionen Menschen vertrauen der CSS, die mit 116 Agenturen schweizweit und rund 2700 Mitarbeitenden nahe bei ihren Versicherten ist. Auch im Unternehmensgeschäft nimmt sie eine Spitzenposition ein: Rund 20‘600 Unternehmen und Institutionen sind bei der CSS Gruppe kollektiv versichert.\n	 		7.4	15	7.5	8.2	6.7	Grösster Krankenkversicherer\nVertrauenswürdigste Kasse		vertrieb@sanagate.ch
74	901	sanavals Gesundheitskasse	Sanavals	-	-	Yes	Nein	yes	Haus ISIS\n Postfach 18\n 7132 Vals\n Tel. 081 935 11 44\n Fax 081 936 90 28\n info@sanavals.ch\n www.sanavals.ch		sanavals.png	Die Sanavals Gesundheitskasse ist eine sehr kleine Krankenversicherung, die gerade mal circa 2460 Versicherte im Kanton Graubünden mit drei Mitarbeitern betreut. Neben der Grundversicherung und der Unfallversicherung bietet die Sanavals Gesundheitskasse auch Zusatzversicherungen nach VVG an. Die Sanavals Gesundheitskasse hat ihren Hauptsitz in Vals.	 		7.4	17	6.7	9.0	6.7		Langsame Rückerstattung	info@sanavals.ch
19	1509	Sanitas Grundversicherungen AG	Sanitas	-	Sanitas	Yes	Yes	yes	Jägergasse 3\n Postfach 2010\n 8021 Zürich\n Tel. 044 298 63 00\n Fax 044 298 62 50\n info@sanitas.com\n www.sanitas.com		sanitas.png	Die Sanitas Krankenversicherung gehört mit über 800'000 Kundinnen und Kunden zu den grössten Krankenkassen der Schweiz und erzielte im Geschäftsjahr 2015 einen Unternehmensgewinn von 19,1 Mio. Franken.\nDie Gruppe verfügt über eine Holdingstruktur und umfasst fünf operativ tätige Tochtergesellschaften, die auf den Gebieten der Grundversicherung (Sanitas, Wincare und Compact) und der Zusatzversicherungen (Sanitas und Wincare) tätig sind. Die in der Rechtsform einer Stiftung organisierte Sanitas Krankenversicherung bildet die Dachgesellschaft.\nDas Kerngeschäft der Sanitas Gruppe ist die Grundversicherung nach demKrankenversicherungsgesetz, die rund 71 Prozent der gesamten Prämieneinnahmen ausmacht. Die Sparte mit den Zusatzversicherungen ist das zweite Standbein.\n\n	 		9.9	5	10.0	9.6	10.0	Sieger Kundenzufriedenheit 2016\nSchnelle Rückerstattung		info@sanitas.com
50	1566	sansan Versicherungen AG		Ein Angebot der Helsana Gruppe	Helsana Gruppe	nein	Nein	nein	Helsana-Gruppe\nsansan Versicherungen AG\nPostfach\n8081 Zürich\nTel. 043 340 11 11\n Fax 043 340 01 11\n http://www.helsana.ch		sansan_helsana.png	Die Helsana AG mit Sitz in Dübendorf ist ein auf die Krankenversicherung spezialisierter Schweizer Versicherungskonzern. Mit 1,9 Millionen Versicherten und Prämieneinnahmen von 6 Milliarden Schweizer Franken ist die Helsana-Gruppe der führende Kranken- und Unfallversicherer der Schweiz. Die Unternehmensgruppe beschäftigt rund 3000 Mitarbeitende und verfügt über ein schweizweites Netz von 22 Generalagenturen und 19 Verkaufsstellen. \nDer Konzern umfasst fünf operativ tätige Tochtergesellschaften, die auf den Gebieten der Grundversicherung, der Zusatzversicherungen und der Unfallversicherungen tätig sind. Diese treten unter den Namen Helsana, Progrès, Sansan und Avanex als eigenständige Marken am Markt auf. Aerosana, eine weitere ehemalige Tochtergesellschaft, fusionierte per 1. Januar 2011 mit Progrès.\nDas Kerngeschäft der Helsana-Gruppe bildet die Grundversicherung nach demKrankenversicherungsgesetz und generiert damit rund 70 Prozent der gesamten Prämieneinnahmen. Die Sparte Zusatzversicherungen bildet mit 27 Prozent der Prämieneinnahmen das zweite Standbein. Daneben bietet die Gruppe Unternehmen und Verbänden Kollektivtaggeld- und Unfallversicherungen sowie Lösungen in der beruflichen Vorsorge an.\n				1						kb1.zuerich@helsana.ch
101	941	sodalis gesundheitsgruppe	Sodalis	-	-	yes	nein	yes	Balfrinstrasse 15\n 3930 Visp\n Tel. 027 948 14 00 \n Fax 027 948 14 04\n info@sodalis.ch \n www.sodalis.ch		sodalis.png	Sodalis ist seit mehr als 50 Jahren im Oberwallis verwurzelt. Die daraus resultierende regionale Kundennähe basiert auf einem dynamischen Netzwerk von neun Geschäftsstellen und drei Agenturen. Die Mehrheit der Oberwalliser Bevölkerung ist bei dieser Kasse versichert. Kundennähe ist ihre Stärke.	 		8.2	6	8.3	9.6	6.7			info@sodalis.ch 
69	1318	Stiftung Krankenkasse Wädenswil	KK Wädenswil	-	-	Yes	Nein	yes	Schönenbergstrasse 28\n 8820 Wädenswil\n Tel. 044 780 74 00\n Fax 044 780 87 33\n www.kkwaedenswil.ch		krankenkasse_wadenswil.png	Die Krankenkasse Wädenswil ist eine regionale Kasse und in den Kantonen Aarau, Schwyz, Zug wie Zürich tätig. Der durchschnittliche Versichertenbestand der Krankenkasse Wädenswil in der Grundversicherung (OKP) ist im Jahr 2015 um 1.6 Prozent auf 8962 Personen gesunken (2014: 9106). Auf 2016 ist der Versichertenbestand wieder gestiegen. Die Kasse bietet OKP wie auch Zusatzversicherungen in den Bereichen Taggeld, Spital wie Zahnpflegeversicherungen an.	 		6.8	6	8.3	7.0	5.0		Geringe Kundenzufriedenheit	info@kkwaedenswil.ch
78	194	Sumiswalder Krankenkasse	KK Sumiswalder	-	-	Yes	Nein	yes	Spitalstrasse 47\n 3454 Sumiswald\n Tel. 034 432 30 60\n Fax 034 432 30 61\n info@sumiswalder.ch \n www.sumiswalder.ch		sumiswalder.png	Die Sumiswalder Krankenkasse wurde 1823 gegründet und ist in der Deutschschweiz tätig. In den Bereichen obligatorische Krankenpflegeversicherung, Zusatzversicherungen und Taggeldversicherung sind rund 24'000 Personen bei der Sumiswalder versichert. Die jährlichen Prämieneinnahmen betragen über 65 Millionen Franken. Am Sitz in Sumiswald arbeiten 35 Voll- oder Teilzeitmitarbeiterinnen und Mitarbeiter. Auf Qualität und Sicherheit legt die Kasse grossen Wert. So nimmt beispielsweise der Datenschutz eine sehr wichtige Rolle im täglichen Handeln ein.\n\nDas Angebot für private Personen deckt alle Bereiche ab. Die obligatorische Krankenpflege (Grundversicherung), attraktive und günstige Zusatzversicherungen sowie eine Lohnausfallversicherung für Selbständige, Arbeitslose und Hausfrauen.\n\n\n\n	 		8.6	4	10.0	9.0	6.7	Schnelle Rückerstattung	Starke Prämienerhöhung 2016	info@sumiswalder.ch 
79	62	SUPRA-1846 SA	Supra		Groupe Mutuel	Yes	Nein	yes	Av. de la Rasude 8\n1006 Lausanne \nTel. 0848 803 111\ninfo@groupemutuel.ch\nwww.supra.ch		supra.png	Supra-1846 SA ist eine Tochtergesellschaft der Groupe Mutuel.\nDie Groupe Mutuel ist Nummer 1 der Krankenversicherer in der Westschweiz und liegt mit den 1,45 Millionen Versicherten ihrer sechs Krankenversicherer auch gesamtschweizerisch auf den vordersten Plätzen.Ausserdem ist die Groupe Mutuel im Bereich der Taggeldversicherung, Unfallversicherung, Pensionskasse (BVG) und der Lebensversicherung aktiv und bietet ihren Kunden eine umfassende Palette an Personenversicherungen.Die Groupe Mutuel hat zur Aufgabe, folgende in der obligatorischen Krankenpflegeversicherung tätigen Krankenversicherer zu verwalten und ihre Interessen zu vertreten: Mutuel Krankenversicherung AG, Philos Krankenversicherung AG, Avenir Krankenversicherung AG, EasySana Krankenversicherung AG, SUPRA-1846 SA und AMB. Sie verwaltet auch zwei Privatversicherer für die Zusatzversicherungen: Groupe Mutuel Versicherungen GMA AG und Mutuel Versicherungen AG, sowie die Groupe Mutuel Leben GMV AG. \n	 		6.3	15	7.5	6.4	5.0		Starke Prämienerhöhung 2016\nLangsame Rückerstattung	 info@groupmutuel.ch
8	1384	SWICA Krankenversicherung	Swica	-	Swica	Yes	Nein	yes	Römerstrasse 38\n 8401 Winterthur\n Tel. 052 244 22 33\n Fax 052 244 22 90\n swica@swica.ch \n www.swica.ch		swica.png	SWICA ist eine der führenden Kranken- und Unfallversicherungen der Schweiz mit rund 1,3 Millionen Versicherten und 26 750 Unternehmenskunden. \n\nSWICA bietet ihren Kunden dauerhaft finanzielle Sicherheit und eine optimale medizinische Versorgung bei Krankheit, Unfall und Mutterschaft. \n\nSWICA ist die einzige Gesundheitsorganisation mit einer integralen Dienstleistungskette bei allen Fragen zur Gesundheit – von der medizinischen Versorgung über die kompetente Begleitung erkrankter oder verunfallter Menschen bis hin zur Gesundheitsförderung in Betrieben.	 		8.6	2	10.0	9.0	6.7	Aktive Diabetes Prävention\nHohe Kundenzufriedenheit		swica@swica.ch
\n\nKOMPARU:\nDISREGARD\n\nNicht Erfassen! \nKK Macht nur Taggeld	1402	Taggeldkasse bildende Künstler/Innen\n Caisse d’indemnités journalières\npour artistes		-	-	nein	nein	nein	General Guisan-Quai 40\n Postfach 4338\n 8022 Zürich\n Tel. 01 284 31 13\n Fax 01 284 47 33		-											
20	1555	Visana AG	Visana	-	Visana	Yes	Yes	yes	Weltpoststrasse 19/21\n Postfach 253\n 3000 Bern 15\n Tel. 031 357 91 11\n Fax 031 357 96 22\ninfo@visana.ch\n www.visana.ch		visana.png	Visana ist der Service-Leader unter den Schweizer Kranken- und Unfallversicherern. Die Kasse ist für ihre Kundinnen und Kunden eine serviceorientierte, zuverlässige Partnerin mit einem hohen Qualitätsanspruch und einem umfassenden Leistungsangebot.\nDie Visana-Gruppe gehört  mit rund 1,1 Millionen Versicherten, 1300 Mitarbeitenden und 120 Geschäftsstellen zu den grössten Kranken- und Unfallversicherern der Schweiz. Die Kasse versichert Privatkunden (Einzelpersonen und Familien) und Firmenkunden (Unternehmen, Institutionen, Vereine und Verbände) und bietet die obligatorische Grundversicherung (OKP) nach Krankenversicherungsgesetz (KVG), Zusatzversicherungen und Sachversicherungen nach Versicherungsvertragsgesetz (VVG) und Unfallversicherungen nach Unfallversicherungsgesetz (UVG) an.\n	 		9.5	5	10.0	8.6	10.0	Schnelle Rückerstattung\nStabile Prämien		 kam-mitte@visana.ch
82	966	vita surselva	Vita Surselva	-	-	Yes	Nein	yes	Bahnhofstrasse 33\n Postfach 217\n 7130 Ilanz\n Tel. 081 925 61 60\n Fax 081 925 61 73\n vitasurselva@bluewin.ch\n www.vitasurselva.ch		vita_surselva	Im Jahre 1991 ist aus der Fusion der Kreiskrankenkasse Ruis und der ÖKK Gruob die ÖKK Surselva entstandent. Per 01.07.2008 wurde aus der ÖKK Surselva die vita Surselva. Der Sitz der Krankenkasse befindet sich in Ilanz. Das Tätigkeitsgebiet erstreckt sich auf die gesamte Schweiz. Das Hauptgeschäftsfeld konzentriert sich hingegen vorwiegend auf die Bündner Surselva wie auch auf das übrige Kantonsgebiet.\nMit rund 5000 Versicherten gehört die vita surselva zu den kleinen Krankenversicherern in der Schweiz. Dies ist einer gesunden und soliden Finanzlage jedoch keineswegs hinderlich. Ein gesundes Wachstum, die Erhaltung der Unabhängigkeit sowie die Versorgung unserer Kunden mit günstigen und leistungsstarken Versicherungsprodukten sind das erklärte Ziel der vita surselva.\n\n\n	 		7.2	21	5.8	9.0	6.7	Hohe Kundenzufriedenheit	Langsame Rückerstattung	vitasurselva@bluewin.ch
85	1570	Vivacare	Vivacare	Ein Angebot der Visana 	Visana	yes	Yes	yes	Weltpoststrasse 19/21\n Postfach 253\n 3000 Bern 15\n Tel. 031 357 91 11\n Fax 031 357 96 22\ninfo@visana.ch\n www.visana.ch		vivacare_visana.png	Die Vivacare Krankenkasse ist ein Unternehmen von der Visana Gruppe.\nVisana ist der Service-Leader unter den Schweizer Kranken- und Unfallversicherern. Die Kasse ist für ihre Kundinnen und Kunden eine serviceorientierte, zuverlässige Partnerin mit einem hohen Qualitätsanspruch und einem umfassenden Leistungsangebot.\nDie Visana-Gruppe gehört  mit rund 1,1 Millionen Versicherten, 1300 Mitarbeitenden und 120 Geschäftsstellen zu den grössten Kranken- und Unfallversicherern der Schweiz. Die Kasse versichert Privatkunden (Einzelpersonen und Familien) und Firmenkunden (Unternehmen, Institutionen, Vereine und Verbände) und bietet die obligatorische Grundversicherung (OKP) nach Krankenversicherungsgesetz (KVG), Zusatzversicherungen und Sachversicherungen nach Versicherungsvertragsgesetz (VVG) und Unfallversicherungen nach Unfallversicherungsgesetz (UVG) an.\n	 		9.0	10	8.3	8.7	10.0	Schnelle Rückerstattung\nStabile Prämien		kam-mitte@visana.ch
3313	509	Vivao Sympany AG	Vivao	-	Sympany	yes	nein	yes	Peter Merian-Weg 4\n 4002 Basel\n Tel. 058 262 42 00\n Fax 058 262 42 02\n basel.vivao@sympany.ch\n www.sympany.ch		sympany.png	Sympany setzt sich seit über 100 Jahren für Privatpersonen und Unternehmen ein. Sie bietet sowohl Kranken- und Unfallversicherungen als auch Sach- und Haftpflichtversicherungen an. Ihr Hauptsitz befindet sich in Basel. Sympany betreut mit 466 Mitarbeitenden rund 216'000 Privatkunden, davon rund 163'000 Grundversicherte. Im Bereich Unternehmenskunden betreut Sympany rund 6700 Firmen. Kunden profitieren vom ersten Überschussmodell in der Schweizer Krankenversicherung, das für Grundversicherung und Zusatzversicherung gilt. Dieses Modell sieht Rückzahlungen vor, wenn die Kosten für medizinische Behandlungen tiefer ausfallen als bei der Festsetzung der Prämien erwartet.	 		7.8	7	8.3	8.5	10.0	App für Abrechnungen\nBis 25 Jahre gratis baden		 basel.vivao@sympany.ch
3305	1060	Wincare Versicherungen		Ein Angebot der Sanitas	Sanitas	nein	Yes	nein	Konradstrasse 14\n Postfach 299\n 8401 Winterthur\n Tel. 044 298 63 00\n Fax 044 298 62 50\n info@wincare.ch \n www.wincare.ch		sanitas.png	Die Sanitas Krankenversicherung mit Sitz in Zürich ist ein auf die Krankenversicherungspezialisierter Schweizer Versicherungskonzern. Die Unternehmensgruppe zählte Anfang 2014 rund 824'000 Versicherte und erzielte 2013 mit knapp 700 Mitarbeitern Prämieneinnahmen von 2,484 Milliarden Schweizer Franken. Damit finanzierte Sanitas Versicherungsleistungen in Höhe von 2,338 Milliarden Schweizer Franken.\nDie Gruppe verfügt über eine Holdingstruktur und umfasst fünf operativ tätige Tochtergesellschaften, die auf den Gebieten der Grundversicherung (Sanitas, Wincare und Compact) und der Zusatzversicherungen (Sanitas und Wincare) tätig sind. Die in der Rechtsform einer Stiftung organisierte Sanitas Krankenversicherung bildet die Dachgesellschaft.\nDas Kerngeschäft der Sanitas Gruppe ist die Grundversicherung nach demKrankenversicherungsgesetz, die rund 71 Prozent der gesamten Prämieneinnahmen ausmacht. Die Sparte mit den Zusatzversicherungen ist das zweite Standbein.\n\n										info@sanitas.com
																						
													Factor 									
																						
													Factor 	1.666666667	1.666666667							
																						
																						
																						
																						
																						
																						
																						
																						
																						
																						
																						
																						
																						
																						
																						
																						
																						
																						
																						
																						
																						
																						
																						
																						
																						
																						
																						
																						
																						
																						
																						
																						
																						
																						
																						
																						
																						
																						
																						
																						
																						
																						
																						
																						
																						
																						
																						
																						
																						
																						
																						
																						
																						
																						
																						
																						
																						
																						
																						
																						
																						
																						
																						
																						
																						
																						
																						
																						
																						
																						
																						
																						
																						
																						
																						
																						
																						
																						
																						
																						
																						
																						
																						
																						
																						
																						
																						
																						
																						
																						
																						
																						
																						
																						
																						
																						
																						
																						
																						
																						
																						
																						
																						
																						
																						
																						
																						
																						
																						
																						
																						
																						
																						
																						
																						
																						
																						
																						
																						
																						
																						
																						
																						
																						
																						
																						
																						
																						
																						
																						
																						
																						
																						
																						
																						
																						
																						
																						
																						
																						
																						
																						
																						
																						
																						
																						
																						
																						
																						
																						
																						
																						
																						
																						
																						
																						
																						
																						
																						
																						
																						
																						
																						
																						
																						
																						
																						
																						
																						
																						
																						
																						
																						
																						
																						
																						
																						
																						
																						
																						
																						
																						
																						
																						
																						
																						
																						
																						
																						
																						
																						
																						
																						
																						
																						
																						
																						
																						
																						
																						
																						
																						
																						
																						
																						
																						
																						
																						
																						
																						
																						
																						
																						
																						
																						
																						
																						
																						
																						
																						
																						
																						
																						
																						
																						
																						
																						
																						
																						
																						
																						
																						
																						
																						
																						
																						
																						
																						
																						
																						
																						
																						
																						
																						
																						
																						
																						
																						
																						
																						
																						
																						
																						
																						
																						
																						
																						
																						
																						
																						
																						
																						
																						
																						
																						
																						
																						
																						
																						
																						
																						
																						
																						
																						
																						
																						
																						
																						
																						
																						
																						
																						
																						
																						
																						
																						
																						
																						
																						
																						
																						
																						
																						
																						
																						
																						
																						
																						
																						
																						
																						
																						
																						
																						
																						
																						
																						
																						
																						
																						
																						
																						
																						
																						
																						
																						
																						
																						
																						
																						
																						
																						
																						
																						
																						
																						
																						
																						
																						
																						
																						
																						
																						
																						
																						
																						
																						
																						
																						
																						
																						
																						
																						
																						
																						
																						
																						
																						
																						
																						
																						
																						
																						
																						
																						
																						
																						
																						
																						
																						
																						
																						
																						
																						
																						
																						
																						
																						
																						
																						
																						
																						
																						
																						
																						
																						
																						
																						
																						
																						
																						
																						
																						
																						
																						
																						
																						
																						
																						
																						
																						
																						
																						
																						
																						
																						
																						
																						
																						
																						
																						
																						
																						
																						
																						
																						
																						
																						
																						
																						
																						
																						
																						
																						
																						
																						
																						
																						
																						
																						
																						
																						
																						
																						
																						
																						
																						
																						
																						
																						
																						
																						
																						
																						
																						
																						
																						
																						
																						
																						
																						
																						
																						
																						
																						
																						
																						
																						
																						
																						
																						
																						
																						
																						
																						
																						
																						
																						
																						
																						
																						
																						
																						
																						
																						
																						
																						
																						
																						
																						
																						
																						
																						
																						
																						
																						
																						
																						
																						
																						
																						
																						
																						
																						
																						
																						
																						
																						
																						
																						
																						
																						
																						
																						
																						
																						
																						
																						
																						
																						
																						
																						
																						
																						
																						
																						
																						
																						
																						
																						
																						
																						
																						
																						
																						
																						
																						
																						
																						
																						
																						
																						
																						
																						
																						
																						
																						
																						
																						
																						
																						
																						
																						
																						
																						
																						
																						
																						
																						
																						
																						
																						
																						
																						
																						
																						
																						
																						
																						
																						
																						
																						
																						
																						
																						
																						
																						
																						
																						
																						
																						
																						
																						
																						
																						
																						
																						
																						
																						
																						
																						
																						
																						
																						
																						
																						
																						
																						
																						
																						
																						
																						
																						
																						
																						
																						
																						
																						
																						
																						
																						
																						
																						
																						
																						
																						
																						
																						
																						
																						
																						
																						
																						
																						
																						
																						
																						
																						
																						
																						
																						
																						
																						
																						
																						
																						
																						
																						
																						
																						
																						
																						
																						
																						
																						
																						
																						
																						
																						
																						
																						
																						
																						
																						
																						
																						
																						
																						
																						
																						
																						
																						
																						
																						
																						
																						
																						
																						
																						
																						
																						
																						
																						
																						
																						
																						
																						
																						
																						
																						
																						
																						
																						
																						
																						
																						
																						
																						
																						
																						
																						
																						
																						
																						
																						
																						
																						
																						
																						
																						
																						
																						
																						
																						
																						
																						
																						
																						
																						
																						
																						
																						
																						
																						
																						
																						
																						
																						
																						
																						
																						
																						
																						
																						
																						
																						
																						
																						
																						
																						
																						
																						
																						
																						
																						
																						
																						
																						
																						
																						
																						
																						
																						
																						
																						
																						
																						
																						
																						
																						
																						
																						
																						
																						
																						
																						
																						
																						
																						
																						
																						
																						
																						
																						
																						
																						
																						
																						
																						
																						
																						
																						
																						
																						
																						
																						
																						
																						
																						
																						
																						
																						
																						
																						
																						
																						
																						
																						
																						
																						
																						
																						
																						
																						
																						
																						
																						
																						
																						
																						
																						
																						
																						
																						
																						
																						
																						
																						
																						
																						
																						
																						
																						
																						
																						
																						
																						
																						
																						
																						
																						
																						
																						
																						
																						
																						
																						
																						
																						
																						
																						
																						
																						
																						
																						
																						
																						
																						
																						
																						
																						
																						
																						
																						
																						
																						
																						
																						
																						
																						
																						
																						
																						
																						
																						
																						
																						
																						
																						
																						
																						
																						
																						
																						
																						
																						
																						
																						
																						
																						
																						
																						
																						
																						
																						
																						
																						
																						
																						
																						
																						
																						
																						
																						
																						
																7	5.0					